_date,_time,part_number,model,status,defect_type,machine_name
2024-02-07,00:00:39,P169143400ASSNB240363748070,TS01S3,NG,"Ng,  Rust,  Ng,  Root grinding,  Handling dent,  Heat treatment dent",ROLLING04
2024-02-07,00:04:33,P169143400ASSNB240353740410,TS01S3,NG,"Ng,  Handling dent",ROLLING04
2024-02-07,00:05:13,P169143400ASSNB240363746060,TS01S3,OK,"",ROLLING04
2024-02-07,00:05:56,P169143400ASSNB240363746930,TS01S3,OK,"",ROLLING04
2024-02-07,00:06:39,P169143400ASSNB240353741380,TS01S3,OK,"",ROLLING04
2024-02-07,00:07:27,P169143400ASSNB240363747090,TS01S3,OK,"",ROLLING04
2024-02-07,00:08:12,P169143400ASSNB240363747060,TS01S3,OK,"",ROLLING04
2024-02-07,00:08:51,P169143400ASSNB240363746730,TS01S3,NG,"Ng,  Handling dent,  ",ROLLING04
2024-02-07,00:09:34,P169143400ASSNB240363747080,TS01S3,NG,"Ng,  Heat treatment dent,  Ng",ROLLING04
2024-02-07,00:10:11,P169143400ASSNB240363748030,TS01S3,OK,"",ROLLING04
2024-02-07,00:10:50,P169143400ASSNB240363748000,TS01S3,OK,"",ROLLING04
2024-02-07,00:11:40,P169143400ASSNB240363747910,TS01S3,OK,"",ROLLING04
2024-02-07,00:13:07,P169143400ASSNB240363748050,TS01S3,OK,"",ROLLING04
2024-02-07,00:14:00,P169143400ASSNB240363745940,TS01S3,NG,"Ng,  Heat treatment dent,  Ng,  Handling dent,  ",ROLLING04
2024-02-07,00:14:48,P169143400ASSNB240363745780,TS01S3,OK,"",ROLLING04
2024-02-07,00:15:28,P169143400ASSNB240363746070,TS01S3,OK,"",ROLLING04
2024-02-07,00:16:12,P169143400ASSNB240363745790,TS01S3,OK,"",ROLLING04
2024-02-07,00:16:56,P169143400ASSNB240363748230,TS01S3,OK,"",ROLLING04
2024-02-07,00:17:36,P169143400ASSNB240363748100,TS01S3,OK,"",ROLLING04
2024-02-07,00:18:17,P169143400ASSNB240363748020,TS01S3,OK,"",ROLLING04
2024-02-07,00:19:00,P169143400ASSNB240363748140,TS01S3,OK,"",ROLLING04
2024-02-07,00:19:45,P169143400ASSNB240363749550,TS01S3,OK,"",ROLLING04
2024-02-07,00:20:25,P169143400ASSNB240363749050,TS01S3,OK,"",ROLLING04
2024-02-07,00:21:18,P169143400ASSNB240363749100,TS01S3,NG,"Ng,  Heat treatment dent,  Ng,  Handling dent",ROLLING04
2024-02-07,00:22:01,P169143400ASSNB240363749470,TS01S3,NG,"Ng,  Handling dent,  ",ROLLING04
2024-02-07,00:22:43,P169143400ASSNB240363748010,TS01S3,NG,"Ng,  Handling dent",ROLLING04
2024-02-07,00:23:26,P169143400ASSNB240363747590,TS01S3,NG,"Ng,  Root grinding,  ",ROLLING04
2024-02-07,00:24:32,P169143400ASSNB240363747570,TS01S3,NG,"Ng,  Flank_unclean",ROLLING04
2024-02-07,00:25:30,P169143400ASSNB240363747830,TS01S3,OK,"",ROLLING04
2024-02-07,00:29:49,P169143400ASSNB240363747740,TS01S3,OK,"",ROLLING04
2024-02-07,00:30:40,P169143400ASSNB240363747850,TS01S3,OK,"",ROLLING04
2024-02-07,00:31:24,P169143400ASSNB240363747750,TS01S3,OK,"",ROLLING04
2024-02-07,00:32:15,P169143400ASSNB240363747840,TS01S3,OK,"",ROLLING04
2024-02-07,00:33:03,P169143400ASSNB240363747940,TS01S3,OK,"",ROLLING04
2024-02-07,00:33:42,P169143400ASSNB240363749500,TS01S3,NG,"Ng,  Root grinding",ROLLING04
2024-02-07,00:34:25,P169143400ASSNB240363749580,TS01S3,NG,"Ng,  Heat treatment dent,  Ng",ROLLING04
2024-02-07,00:35:04,P169143400ASSNB240363749520,TS01S3,OK,"",ROLLING04
2024-02-07,00:35:48,P169143400ASSNB240363748120,TS01S3,NG,"Ng,  Rust,  ",ROLLING04
2024-02-07,00:36:31,P169143400ASSNB240363748160,TS01S3,OK,"",ROLLING04
2024-02-07,00:37:14,P169143400ASSNB240363747770,TS01S3,OK,"",ROLLING04
2024-02-07,00:37:54,P169143400ASSNB240363749150,TS01S3,OK,"",ROLLING04
2024-02-07,00:38:36,P169143400ASSNB240363749430,TS01S3,OK,"",ROLLING04
2024-02-07,00:39:33,P169143400ASSNB240363749540,TS01S3,OK,"",ROLLING04
2024-02-07,00:40:19,P169143400ASSNB240363748800,TS01S3,OK,"",ROLLING04
2024-02-07,00:41:16,P169143400ASSNB240363747960,TS01S3,OK,"",ROLLING04
2024-02-07,00:42:01,P169143400ASSNB240363748810,TS01S3,OK,"",ROLLING04
2024-02-07,00:42:43,P169143400ASSNB240363749570,TS01S3,NG,"Ng,  Handling dent,  Ng,  Heat treatment dent",ROLLING04
2024-02-07,00:51:13,P169143400ASSNB240373758230,TS01S3,OK,"",ROLLING04
2024-02-07,00:51:51,P169143400ASSNB240373758410,TS01S3,OK,"",ROLLING04
2024-02-07,00:52:30,P169143400ASSNB240373758820,TS01S3,OK,"",ROLLING04
2024-02-07,00:53:08,P169143400ASSNB240373758900,TS01S3,OK,"",ROLLING04
2024-02-07,00:53:50,P169143400ASSNB240223615820,TS01S3,NG,"Ng,  Rust,  ",ROLLING04
2024-02-07,00:54:33,P169143400ASSNB240263655490,TS01S3,NG,"Ng,  step grinding,  ",ROLLING04
2024-02-07,00:55:14,P169143400ASSNB240373758780,TS01S3,OK,"",ROLLING04
2024-02-07,00:55:59,P169143400ASSNB240373758830,TS01S3,NG,"Ng,  Heat treatment dent,  Ng",ROLLING04
2024-02-07,00:56:43,P169143400ASSNB240373758760,TS01S3,OK,"",ROLLING04
2024-02-07,00:57:53,P169143400ASSNB240373757930,TS01S3,NG,"Ng,  Heat treatment dent",ROLLING04
2024-02-07,00:58:37,P169143400ASSNB240373758440,TS01S3,NG,"Ng,  Handling dent,  Ng,  Heat treatment dent",ROLLING04
2024-02-07,00:59:23,P169143400ASSNB240363747920,TS01S3,OK,"",ROLLING04
2024-02-07,01:00:03,P169143400ASSNB240373758570,TS01S3,NG,"Ng,  Heat treatment dent",ROLLING04
2024-02-07,01:00:47,P169143400ASSNB240373758580,TS01S3,NG,"Ng,  Handling dent,  Ng",ROLLING04
2024-02-07,01:01:42,P169143400ASSNB240373758800,TS01S3,NG,"Ng,  Rust,  ",ROLLING04
2024-02-07,01:07:34,P169143400ASSNB240363747420,TS01S3,OK,"",ROLLING04
2024-02-07,01:02:22,P169143400ASSNB240373758870,TS01S3,NG,"Ng,  Heat treatment dent,  ",ROLLING04
2024-02-07,01:03:10,P169143400ASSNB240373758790,TS01S3,NG,"Ng,  Heat treatment dent",ROLLING04
2024-02-07,01:04:02,P169143400ASSNB240373758700,TS01S3,OK,"",ROLLING04
2024-02-07,01:04:50,P169143400ASSNB240363747690,TS01S3,OK,"",ROLLING04
2024-02-07,01:05:32,P169143400ASSNB240363747300,TS01S3,OK,"",ROLLING04
2024-02-07,01:06:24,P169143400ASSNB240363747860,TS01S3,NG,"Ng,  Heat treatment dent,  Ng",ROLLING04
2024-02-07,01:08:42,P169143400ASSNB240363747340,TS01S3,OK,"",ROLLING04
2024-02-07,01:09:29,P169143400ASSNB240363747950,TS01S3,OK,"",ROLLING04
2024-02-07,01:10:14,P169143400ASSNB232853041520,TS01S3,NG,"Ng,  Heat treatment dent,  Ng",ROLLING04
2024-02-07,01:11:00,P169143400ASSNB240373758010,TS01S3,OK,"",ROLLING04
2024-02-07,01:11:46,P169143400ASSNB240373758400,TS01S3,OK,"",ROLLING04
2024-02-07,01:12:27,P169143400ASSNB240373758360,TS01S3,NG,"Ng,  Heat treatment dent,  ",ROLLING04
2024-02-07,01:13:06,P169143400ASSNB240373751870,TS01S3,OK,"",ROLLING04
2024-02-07,01:13:51,P169143400ASSNB240373758810,TS01S3,OK,"",ROLLING04
2024-02-07,01:14:37,P169143400ASSNB240373759090,TS01S3,NG,"Ng,  Heat treatment dent",ROLLING04
2024-02-07,01:15:23,P169143400ASSNB240373758640,TS01S3,OK,"",ROLLING04
2024-02-07,01:16:04,P169143400ASSNB240373759060,TS01S3,NG,"Ng,  Heat treatment dent,  Ng",ROLLING04
2024-02-07,01:17:20,P169143400ASSNB240373759040,TS01S3,NG,"Ng,  Handling dent,  ",ROLLING04
2024-02-07,01:18:22,P169143400ASSNB240373756950,TS01S3,NG,"Ng,  Flank_unclean,  Ng",ROLLING04
2024-02-07,01:19:27,P169143400ASSNB240373757830,TS01S3,OK,"",ROLLING04
2024-02-07,01:20:11,P169143400ASSNB240373758690,TS01S3,NG,"Ng,  Heat treatment dent",ROLLING04
2024-02-07,01:21:01,P169143400ASSNB240373758720,TS01S3,NG,"Ng,  Handling dent,  Ng,  ",ROLLING04
2024-02-07,01:21:52,P169143400ASSNB240373758850,TS01S3,OK,"",ROLLING04
2024-02-07,01:22:36,P169143400ASSNB240373758730,TS01S3,NG,"Ng,  Handling dent,  Ng,  Heat treatment dent",ROLLING04
2024-02-07,01:23:22,P169143400ASSNB240373758710,TS01S3,NG,"Ng,  Handling dent,  Ng,  ",ROLLING04
2024-02-07,01:24:11,P169143400ASSNB240373757900,TS01S3,OK,"",ROLLING04
2024-02-07,01:25:05,P169143400ASSNB240373758840,TS01S3,OK,"",ROLLING04
2024-02-07,01:25:51,P169143400ASSNB240373758740,TS01S3,OK,"",ROLLING04
2024-02-07,01:26:31,P169143400ASSNB240373758750,TS01S3,NG,"Ng,  Handling dent,  Ng,  ",ROLLING04
2024-02-07,01:27:28,P169143400ASSNB240373758950,TS01S3,OK,"",ROLLING04
2024-02-07,01:28:23,P169143400ASSNB240373759010,TS01S3,OK,"",ROLLING04
2024-02-07,01:29:15,P169143400ASSNB240373758970,TS01S3,NG,"Ng,  Heat treatment dent,  Ng",ROLLING04
2024-02-07,01:30:14,P169143400ASSNB240373759180,TS01S3,OK,"",ROLLING04
2024-02-07,01:30:54,P169143400ASSNB240373759150,TS01S3,OK,"",ROLLING04
2024-02-07,01:31:35,P169143400ASSNB240373759110,TS01S3,NG,"Ng,  Heat treatment dent",ROLLING04
2024-02-07,01:32:20,P169143400ASSNB240373759120,TS01S3,OK,"",ROLLING04
2024-02-07,01:33:06,P169143400ASSNB240373759130,TS01S3,NG,"Ng,  Handling dent,  Ng,  Heat treatment dent",ROLLING04
2024-02-07,01:33:48,P169143400ASSNB240373759140,TS01S3,OK,"",ROLLING04
2024-02-07,01:34:45,P169143400ASSNB240373758770,TS01S3,OK,"",ROLLING04
2024-02-07,01:35:28,P169143400ASSNB240373759170,TS01S3,OK,"",ROLLING04
2024-02-07,01:36:16,P169143400ASSNB240373759100,TS01S3,NG,"Ng,  Heat treatment dent",ROLLING04
2024-02-07,01:37:05,P169143400ASSNB240373759050,TS01S3,OK,"",ROLLING04
2024-02-07,01:37:53,P169143400ASSNB240373759070,TS01S3,NG,"Ng,  Flank_unclean,  Ng,  Heat treatment dent",ROLLING04
2024-02-07,01:41:28,P169143400ASSNB240373758940,TS01S3,NG,"Ng,  Handling dent,  Ng,  Heat treatment dent",ROLLING04
2024-02-07,01:42:49,P169143400ASSNB240363748900,TS01S3,NG,"Ng,  Heat treatment dent,  Ng",ROLLING04
2024-02-07,01:44:03,P169143400ASSNB240373758270,TS01S3,NG,"Ng,  Flank_unclean,  Ng,  ",ROLLING04
2024-02-07,01:45:20,P169143400ASSNB240363748060,TS01S3,NG,"Ng,  Rust",ROLLING04
2024-02-07,01:47:19,P169143400ASSNB240373758310,TS01S3,NG,"Ng,  Rust,  Ng,  Handling dent",ROLLING04
2024-02-07,01:48:03,P169143400ASSNB240293684030,TS01S3,OK,"",ROLLING04
2024-02-07,01:49:03,P169143400ASSNB240373758260,TS01S3,OK,"",ROLLING04
2024-02-07,01:49:49,P169143400ASSNB240373758860,TS01S3,OK,"",ROLLING04
2024-02-07,01:50:59,P169143400ASSNB240373758390,TS01S3,NG,"Ng,  Heat treatment dent",ROLLING04
2024-02-07,01:52:07,P169143400ASSNB240373758420,TS01S3,OK,"",ROLLING04
2024-02-07,01:53:11,P169143400ASSNB240373758330,TS01S3,OK,"",ROLLING04
2024-02-07,01:54:03,P169143400ASSNB240163556300,TS01S3,OK,"",ROLLING04
2024-02-07,01:56:20,P169143400ASSNB240243633570,TS01S3,NG,"Ng,  Heat treatment dent,  Ng,  Flank_unclean",ROLLING04
2024-02-07,01:57:11,P169143400ASSNB240213603960,TS01S3,NG,"Ng,  Rust,  ",ROLLING04
2024-02-07,01:59:26,P169143400ASSNB240343740350,TS01S3,NG,"Ng,  Handling dent",ROLLING04
2024-02-07,02:00:31,P169143400ASSNB240263656560,TS01S3,NG,"Ng,  Heat treatment dent",ROLLING04
2024-02-07,02:17:47,P169143400ASSNB240203591520,TS01S3,NG,"Ng,  Flank_unclean",ROLLING04
2024-02-07,02:19:50,P169143400ASSNB240313711840,TS01S3,OK,"",ROLLING04
2024-02-07,02:20:55,P169143400ASSNB240343736760,TS01S3,OK,"",ROLLING04
2024-02-07,02:22:08,P169143400ASSNB240213603360,TS01S3,NG,"Ng,  Root grinding,  Ng",ROLLING04
2024-02-07,02:25:09,P169143400ASSNB240353742140,TS01S3,OK,"",ROLLING04
2024-02-07,02:25:57,P169143400ASSNB240353740420,TS01S3,NG,"Ng,  Heat treatment dent,  Ng",ROLLING04
2024-02-07,02:26:47,P169143400ASSNB240353743290,TS01S3,NG,"Ng,  Handling dent,  ",ROLLING04
2024-02-07,02:27:33,P169143400ASSNB240343737040,TS01S3,NG,"Ng,  Heat treatment dent,  Ng",ROLLING04
2024-02-07,02:28:46,P169143400ASSNB240343740400,TS01S3,OK,"",ROLLING04
2024-02-07,02:29:38,P169143400ASSNB240353740460,TS01S3,NG,"Ng,  Handling dent,  ",ROLLING04
2024-02-07,02:30:17,P169143400ASSNB240353743270,TS01S3,NG,"Ng,  Handling dent,  Ng",ROLLING04
2024-02-07,02:31:10,P169143400ASSNB240353743420,TS01S3,OK,"",ROLLING04
2024-02-07,02:31:56,P169143400ASSNB240343737320,TS01S3,OK,"",ROLLING04
2024-02-07,02:32:44,P169143400ASSNB240343740310,TS01S3,OK,"",ROLLING04
2024-02-07,02:33:27,P169143400ASSNB240353740510,TS01S3,NG,"Ng,  Heat treatment dent,  Ng",ROLLING04
2024-02-07,02:34:12,P169143400ASSNB240343737260,TS01S3,OK,"",ROLLING04
2024-02-07,02:34:57,P169143400ASSNB240343737000,TS01S3,OK,"",ROLLING04
2024-02-07,02:36:28,P169143400ASSNB240343740370,TS01S3,NG,"Ng,  Heat treatment dent,  Ng",ROLLING04
2024-02-07,02:37:43,P169143400ASSNB240353741520,TS01S3,NG,"Ng,  Handling dent,  Ng,  Heat treatment dent",ROLLING04
2024-02-07,02:38:26,P169143400ASSNB240343737290,TS01S3,NG,"Ng,  Heat treatment dent",ROLLING04
2024-02-07,02:39:07,P169143400ASSNB240353741620,TS01S3,OK,"",ROLLING04
2024-02-07,02:39:49,P169143400ASSNB240343740250,TS01S3,OK,"",ROLLING04
2024-02-07,02:40:31,P169143400ASSNB240353741640,TS01S3,OK,"",ROLLING04
2024-02-07,02:41:15,P169143400ASSNB240353742280,TS01S3,OK,"",ROLLING04
2024-02-07,02:41:57,P169143400ASSNB240353740950,TS01S3,OK,"",ROLLING04
2024-02-07,02:42:42,P169143400ASSNB240353741530,TS01S3,OK,"",ROLLING04
2024-02-07,02:43:37,P169143400ASSNB240343737170,TS01S3,NG,"Ng,  Handling dent,  ",ROLLING04
2024-02-07,02:44:23,P169143400ASSNB240353742260,TS01S3,OK,"",ROLLING04
2024-02-07,02:45:08,P169143400ASSNB240353742210,TS01S3,OK,"",ROLLING04
2024-02-07,02:46:00,P169143400ASSNB240353742010,TS01S3,NG,"Ng,  Heat treatment dent",ROLLING04
2024-02-07,02:46:37,P169143400ASSNB240343737030,TS01S3,NG,"Ng,  Heat treatment dent,  Ng,  Root grinding",ROLLING04
2024-02-07,02:47:19,P169143400ASSNB240353742070,TS01S3,OK,"",ROLLING04
2024-02-07,02:48:02,P169143400ASSNB240353742030,TS01S3,NG,"Ng,  Handling dent,  Ng,  Heat treatment dent",ROLLING04
2024-02-07,02:48:44,P169143400ASSNB240353741220,TS01S3,OK,"",ROLLING04
2024-02-07,02:49:21,P169143400ASSNB240353742090,TS01S3,NG,"Ng,  Heat treatment dent,  Ng",ROLLING04
2024-02-07,02:49:58,P169143400ASSNB240353741440,TS01S3,NG,"Ng,  Handling dent,  Ng,  Heat treatment dent",ROLLING04
2024-02-07,02:50:35,P169143400ASSNB240353742220,TS01S3,NG,"Ng,  Heat treatment dent,  Ng",ROLLING04
2024-02-07,02:51:12,P169143400ASSNB240353740710,TS01S3,OK,"",ROLLING04
2024-02-07,02:51:49,P169143400ASSNB240353741990,TS01S3,OK,"",ROLLING04
2024-02-07,02:52:31,P169143400ASSNB240353741950,TS01S3,OK,"",ROLLING04
2024-02-07,02:53:09,P169143400ASSNB240353741970,TS01S3,OK,"",ROLLING04
2024-02-07,02:54:17,P169143400ASSNB240353741700,TS01S3,NG,"Ng,  Heat treatment dent",ROLLING04
2024-02-07,02:54:54,P169143400ASSNB240353741920,TS01S3,OK,"",ROLLING04
2024-02-07,02:55:37,P169143400ASSNB240353741650,TS01S3,OK,"",ROLLING04
2024-02-07,02:56:23,P169143400ASSNB240353741490,TS01S3,OK,"",ROLLING04
2024-02-07,02:56:59,P169143400ASSNB240353741560,TS01S3,NG,"Ng,  Heat treatment dent",ROLLING04
2024-02-07,02:57:36,P169143400ASSNB240353741630,TS01S3,OK,"",ROLLING04
2024-02-07,02:58:13,P169143400ASSNB240353741500,TS01S3,OK,"",ROLLING04
2024-02-07,02:58:52,P169143400ASSNB240353742230,TS01S3,NG,"Ng,  Heat treatment dent,  Ng,  Rust",ROLLING04
2024-02-07,02:59:34,P169143400ASSNB240353742080,TS01S3,OK,"",ROLLING04
2024-02-07,03:00:11,P169143400ASSNB240353742050,TS01S3,OK,"",ROLLING04
2024-02-07,03:00:48,P169143400ASSNB240353741910,TS01S3,OK,"",ROLLING04
2024-02-07,03:01:26,P169143400ASSNB240353741900,TS01S3,NG,"Ng,  Heat treatment dent",ROLLING04
2024-02-07,03:02:24,P169143400ASSNB240343737140,TS01S3,NG,"Ng,  Heat treatment dent,  Ng",ROLLING04
2024-02-07,03:03:13,P169143400ASSNB240343737100,TS01S3,NG,"Ng,  Heat treatment dent,  Root grinding,  Ng",ROLLING04
2024-02-07,03:03:48,P169143400ASSNB240343737270,TS01S3,OK,"",ROLLING04
2024-02-07,03:04:25,P169143400ASSNB240343737190,TS01S3,NG,"Ng,  Flank_unclean,  Ng,  Heat treatment dent,  Handling dent",ROLLING04
2024-02-07,03:05:01,P169143400ASSNB240343737300,TS01S3,NG,"Ng,  Root grinding,  ",ROLLING04
2024-02-07,03:05:48,P169143400ASSNB240353742240,TS01S3,OK,"",ROLLING04
2024-02-07,03:06:23,P169143400ASSNB240353742250,TS01S3,OK,"",ROLLING04
2024-02-07,03:08:43,P169143400ASSNB240343737200,TS01S3,OK,"",ROLLING04
2024-02-07,03:09:23,P169143400ASSNB240353741510,TS01S3,OK,"",ROLLING04
2024-02-07,03:09:59,P169143400ASSNB240343737280,TS01S3,OK,"",ROLLING04
2024-02-07,03:10:45,P169143400ASSNB240343737210,TS01S3,NG,"Ng,  Handling dent,  Ng",ROLLING04
2024-02-07,03:11:21,P169143400ASSNB240343737310,TS01S3,OK,"",ROLLING04
2024-02-07,03:12:29,P169143400ASSNB240353741400,TS01S3,OK,"",ROLLING04
2024-02-07,03:13:04,P169143400ASSNB240353741960,TS01S3,OK,"",ROLLING04
2024-02-07,03:13:39,P169143400ASSNB240353741550,TS01S3,NG,"Ng,  Heat treatment dent",ROLLING04
2024-02-07,03:14:29,P169143400ASSNB240353742110,TS01S3,OK,"",ROLLING04
2024-02-07,03:15:13,P169143400ASSNB240353741310,TS01S3,OK,"",ROLLING04
2024-02-07,03:16:44,P169143400ASSNB240353741570,TS01S3,NG,"Ng,  Heat treatment dent,  ",ROLLING04
2024-02-07,03:18:16,P169143400ASSNB240353741730,TS01S3,OK,"",ROLLING04
2024-02-07,03:19:42,P169143400ASSNB240353742180,TS01S3,OK,"",ROLLING04
2024-02-07,03:20:37,P169143400ASSNB240353741430,TS01S3,OK,"",ROLLING04
2024-02-07,03:22:00,P169143400ASSNB240353741870,TS01S3,OK,"",ROLLING04
2024-02-07,03:22:57,P169143400ASSNB240353742120,TS01S3,NG,"Ng,  Heat treatment dent",ROLLING04
2024-02-07,03:23:51,P169143400ASSNB240353740500,TS01S3,NG,"Ng,  Heat treatment dent,  Ng,  ",ROLLING04
2024-02-07,03:24:48,P169143400ASSNB240353741720,TS01S3,NG,"Ng,  Heat treatment dent",ROLLING04
2024-02-07,03:25:38,P169143400ASSNB240353741480,TS01S3,NG,"Ng,  Heat treatment dent,  Ng",ROLLING04
2024-02-07,03:26:27,P169143400ASSNB240353741850,TS01S3,OK,"",ROLLING04
2024-02-07,03:27:10,P169143400ASSNB240353741890,TS01S3,OK,"",ROLLING04
2024-02-07,03:28:32,P169143400ASSNB240383760220,TS01S3,OK,"",ROLLING04
2024-02-07,03:29:50,P169143400ASSNB240383760110,TS01S3,OK,"",ROLLING04
2024-02-07,03:31:03,P169143400ASSNB240383759930,TS01S3,NG,"Ng,  Heat treatment dent,  Ng",ROLLING04
2024-02-07,03:32:04,P169143400ASSNB240383759940,TS01S3,NG,"Ng,  Rust,  ",ROLLING04
2024-02-07,03:33:11,P169143400ASSNB240373757580,TS01S3,NG,"Ng,  Flank_unclean,  ",ROLLING04
2024-02-07,03:34:02,P169143400ASSNB240373758890,TS01S3,NG,"Ng,  Heat treatment dent",ROLLING04
2024-02-07,03:34:46,P169143400ASSNB240383759570,TS01S3,OK,"",ROLLING04
2024-02-07,03:35:33,P169143400ASSNB240383759600,TS01S3,NG,"Ng,  Heat treatment dent",ROLLING04
2024-02-07,03:36:32,P169143400ASSNB240373757490,TS01S3,NG,"Ng,  Rust,  ",ROLLING04
2024-02-07,03:37:48,P169143400ASSNB240383760300,TS01S3,OK,"",ROLLING04
2024-02-07,03:38:43,P169143400ASSNB240373758910,TS01S3,OK,"",ROLLING04
2024-02-07,03:40:15,P169143400ASSNB240383760280,TS01S3,OK,"",ROLLING04
2024-02-07,03:41:13,P169143400ASSNB240383760180,TS01S3,OK,"",ROLLING04
2024-02-07,03:41:59,P169143400ASSNB240383760200,TS01S3,OK,"",ROLLING04
2024-02-07,03:42:44,P169143400ASSNB240373759000,TS01S3,OK,"",ROLLING04
2024-02-07,03:44:10,P169143400ASSNB240373758930,TS01S3,NG,"Ng,  Heat treatment dent",ROLLING04
2024-02-07,03:45:04,P169143400ASSNB240383760090,TS01S3,OK,"",ROLLING04
2024-02-07,03:45:48,P169143400ASSNB240383760040,TS01S3,OK,"",ROLLING04
2024-02-07,03:46:35,P169143400ASSNB240383759280,TS01S3,NG,"Ng,  Heat treatment dent,  Ng",ROLLING04
2024-02-07,03:47:25,P169143400ASSNB240383759270,TS01S3,NG,"Ng,  Handling dent,  Ng,  Flank_unclean,  Heat treatment dent",ROLLING04
2024-02-07,03:48:37,P169143400ASSNB240383759300,TS01S3,OK,"",ROLLING04
2024-02-07,03:49:36,P169143400ASSNB240373758090,TS01S3,OK,"",ROLLING04
2024-02-07,03:50:38,P169143400ASSNB240373758980,TS01S3,OK,"",ROLLING04
2024-02-07,03:51:36,P169143400ASSNB240373757600,TS01S3,OK,"",ROLLING04
2024-02-07,03:52:20,P169143400ASSNB240373759020,TS01S3,OK,"",ROLLING04
2024-02-07,03:53:05,P169143400ASSNB240373759030,TS01S3,OK,"",ROLLING04
2024-02-07,03:53:51,P169143400ASSNB240383759490,TS01S3,OK,"",ROLLING04
2024-02-07,03:54:35,P169143400ASSNB240383759310,TS01S3,NG,"Ng,  Heat treatment dent",ROLLING04
2024-02-07,03:55:32,P169143400ASSNB240373756970,TS01S3,OK,"",ROLLING04
2024-02-07,03:56:19,P169143400ASSNB240383759250,TS01S3,NG,"Ng,  Heat treatment dent,  ",ROLLING04
2024-02-07,03:57:08,P169143400ASSNB240383759460,TS01S3,NG,"Ng,  Flank_unclean",ROLLING04
2024-02-07,03:57:52,P169143400ASSNB240373759190,TS01S3,OK,"",ROLLING04
2024-02-07,03:58:57,P169143400ASSNB240383759650,TS01S3,OK,"",ROLLING04
2024-02-07,03:59:39,P169143400ASSNB240373759080,TS01S3,NG,"Ng,  Heat treatment dent,  ",ROLLING04
2024-02-07,04:00:23,P169143400ASSNB240383759950,TS01S3,OK,"",ROLLING04
2024-02-07,04:01:12,P169143400ASSNB240383759620,TS01S3,OK,"",ROLLING04
2024-02-07,04:02:01,P169143400ASSNB240373759160,TS01S3,NG,"Ng,  Heat treatment dent,  Ng,  Handling dent",ROLLING04
2024-02-07,04:02:48,P169143400ASSNB240373758920,TS01S3,NG,"Ng,  Heat treatment dent,  Ng,  Handling dent",ROLLING04
2024-02-07,04:03:57,P169143400ASSNB240383759630,TS01S3,OK,"",ROLLING04
2024-02-07,04:04:51,P169143400ASSNB240383759240,TS01S3,OK,"",ROLLING04
2024-02-07,04:06:00,P169143400ASSNB240383759520,TS01S3,NG,"Ng,  Handling dent,  Ng,  Heat treatment dent",ROLLING04
2024-02-07,04:06:49,P169143400ASSNB240383759320,TS01S3,OK,"",ROLLING04
2024-02-07,04:07:33,P169143400ASSNB240383759510,TS01S3,NG,"Ng,  Heat treatment dent",ROLLING04
2024-02-07,04:08:35,P169143400ASSNB240383759260,TS01S3,OK,"",ROLLING04
2024-02-07,04:09:33,P169143400ASSNB240383759510,TS01S3,NG,"Ng,  Heat treatment dent,  Ng,  Handling dent",ROLLING04
2024-02-07,04:10:21,P169143400ASSNB240383759860,TS01S3,NG,"Ng,  Heat treatment dent",ROLLING04
2024-02-07,04:11:12,P169143400ASSNB240383759800,TS01S3,OK,"",ROLLING04
2024-02-07,04:12:03,P169143400ASSNB240373757000,TS01S3,NG,"Ng,  Handling dent,  Ng,  Heat treatment dent",ROLLING04
2024-02-07,04:12:44,P169143400ASSNB240383759610,TS01S3,OK,"",ROLLING04
2024-02-07,04:13:25,P169143400ASSNB240383759810,TS01S3,OK,"",ROLLING04
2024-02-07,04:44:13,P169143400ASSNB240383759820,TS01S3,NG,"Ng,  Flank_unclean",ROLLING04
2024-02-07,04:44:54,P169143400ASSNB240383759760,TS01S3,OK,"",ROLLING04
2024-02-07,04:45:40,P169143400ASSNB240383759780,TS01S3,OK,"",ROLLING04
2024-02-07,04:46:24,P169143400ASSNB240383759830,TS01S3,NG,"Ng,  Heat treatment dent,  Ng",ROLLING04
2024-02-07,04:47:07,P169143400ASSNB240383759670,TS01S3,OK,"",ROLLING04
2024-02-07,04:47:48,P169143400ASSNB240383759790,TS01S3,OK,"",ROLLING04
2024-02-07,04:48:29,P169143400ASSNB240383759750,TS01S3,NG,"Ng,  Heat treatment dent,  ",ROLLING04
2024-02-07,04:49:29,P169143400ASSNB240383759810,TS01S3,OK,"",ROLLING04
2024-02-07,04:50:14,P169143400ASSNB240373757800,TS01S3,OK,"",ROLLING04
2024-02-07,04:50:57,P169143400ASSNB240383759580,TS01S3,NG,"Ng,  Heat treatment dent",ROLLING04
2024-02-07,04:51:46,P169143400ASSNB240383759770,TS01S3,NG,"Ng,  Heat treatment dent,  Ng,  Handling dent",ROLLING04
2024-02-07,04:52:29,P169143400ASSNB240383759540,TS01S3,NG,"Ng,  Handling dent,  Ng,  Heat treatment dent",ROLLING04
2024-02-07,04:53:14,P169143400ASSNB240383759350,TS01S3,OK,"",ROLLING04
2024-02-07,04:53:57,P169143400ASSNB240373753700,TS01S3,NG,"Ng,  Rust,  ",ROLLING04
2024-02-07,04:54:40,P169143400ASSNB240383759550,TS01S3,NG,"Ng,  Rust,  Ng,  Heat treatment dent",ROLLING04
2024-02-07,04:55:39,P169143400ASSNB240383759210,TS01S3,OK,"",ROLLING04
2024-02-07,04:57:13,P169143400ASSNB240383759200,TS01S3,OK,"",ROLLING04
2024-02-07,04:57:54,P169143400ASSNB240383759480,TS01S3,NG,"Ng,  Handling dent,  Ng,  Heat treatment dent",ROLLING04
2024-02-07,04:59:04,P169143400ASSNB240373757660,TS01S3,OK,"",ROLLING04
2024-02-07,04:59:52,P169143400ASSNB240383759480,TS01S3,NG,"Ng,  Handling dent,  ",ROLLING04
2024-02-07,05:00:37,P169143400ASSNB240373757520,TS01S3,OK,"",ROLLING04
2024-02-07,05:01:17,P169143400ASSNB240383760320,TS01S3,OK,"",ROLLING04
2024-02-07,05:03:48,P169143400ASSNB240383760340,TS01S3,NG,"Ng,  Heat treatment dent,  Ng",ROLLING04
2024-02-07,05:04:28,P169143400ASSNB240383760330,TS01S3,NG,"Ng,  Heat treatment dent,  Ng",ROLLING04
2024-02-07,05:05:21,P169143400ASSNB240373757590,TS01S3,NG,"Ng,  Handling dent",ROLLING04
2024-02-07,05:06:02,P169143400ASSNB240383760170,TS01S3,OK,"",ROLLING04
2024-02-07,05:06:54,P169143400ASSNB240383759850,TS01S3,OK,"",ROLLING04
2024-02-07,05:07:39,P169143400ASSNB240383759590,TS01S3,NG,"Ng,  Handling dent,  Ng,  Heat treatment dent",ROLLING04
2024-02-07,05:08:44,P169143400ASSNB240383760190,TS01S3,OK,"",ROLLING04
2024-02-07,05:09:35,P169143400ASSNB240383760270,TS01S3,OK,"",ROLLING04
2024-02-07,05:10:20,P169143400ASSNB240383760210,TS01S3,OK,"",ROLLING04
2024-02-07,05:11:10,P169143400ASSNB240383760470,TS01S3,OK,"",ROLLING04
2024-02-07,05:11:50,P169143400ASSNB240383759640,TS01S3,OK,"",ROLLING04
2024-02-07,05:14:04,P169143400ASSNB240383760140,TS01S3,OK,"",ROLLING04
2024-02-07,05:14:49,P169143400ASSNB240383759470,TS01S3,NG,"Ng,  Heat treatment dent,  Ng",ROLLING04
2024-02-07,05:16:01,P169143400ASSNB240383760360,TS01S3,NG,"Ng,  Flank_unclean,  Ng,  Heat treatment dent",ROLLING04
2024-02-07,05:16:45,P169143400ASSNB240383760240,TS01S3,NG,"Ng,  Flank_unclean,  Ng,  Handling dent",ROLLING04
2024-02-07,05:17:33,P169143400ASSNB240373757500,TS01S3,NG,"Ng,  Heat treatment dent,  Ng",ROLLING04
2024-02-07,05:18:15,P169143400ASSNB240383759730,TS01S3,NG,"Ng,  Heat treatment dent,  ",ROLLING04
2024-02-07,05:18:52,P169143400ASSNB240383759230,TS01S3,NG,"Ng,  Handling dent,  Ng,  Heat treatment dent",ROLLING04
2024-02-07,05:20:03,P169143400ASSNB240383759910,TS01S3,NG,"Ng,  Heat treatment dent,  Ng",ROLLING04
2024-02-07,05:20:44,P169143400ASSNB240373754370,TS01S3,NG,"Ng,  Handling dent,  Ng,  Heat treatment dent",ROLLING04
2024-02-07,05:22:04,P169143400ASSNB240383759530,TS01S3,OK,"",ROLLING04
2024-02-07,05:22:41,P169143400ASSNB240383759330,TS01S3,OK,"",ROLLING04
2024-02-07,05:23:17,P169143400ASSNB240383759340,TS01S3,NG,"Ng,  Heat treatment dent,  Ng",ROLLING04
2024-02-07,05:23:54,P169143400ASSNB240373757790,TS01S3,NG,"Ng,  Heat treatment dent,  Ng,  Handling dent",ROLLING04
2024-02-07,05:24:31,P169143400ASSNB240383759890,TS01S3,NG,"Ng,  Heat treatment dent",ROLLING04
2024-02-07,05:25:12,P169143400ASSNB240383759500,TS01S3,OK,"",ROLLING04
2024-02-07,05:26:18,P169143400ASSNB240383760130,TS01S3,NG,"Ng,  Heat treatment dent,  Ng",ROLLING04
2024-02-07,05:27:27,P169143400ASSNB240383759360,TS01S3,OK,"",ROLLING04
2024-02-07,05:27:59,P169143400ASSNB240383759450,TS01S3,NG,"Ng,  Handling dent,  ",ROLLING04
2024-02-07,05:28:32,P169143400ASSNB240383759660,TS01S3,NG,"Ng,  Handling dent,  ",ROLLING04
2024-02-07,05:29:06,P169143400ASSNB240383759870,TS01S3,OK,"",ROLLING04
2024-02-07,05:29:40,P169143400ASSNB240373758960,TS01S3,NG,"Ng,  Handling dent,  ",ROLLING04
2024-02-07,05:30:17,P169143400ASSNB240383759560,TS01S3,OK,"",ROLLING04
2024-02-07,05:30:49,P169143400ASSNB240383760230,TS01S3,NG,"Ng,  Handling dent",ROLLING04
2024-02-07,05:31:32,P169143400ASSNB240383759220,TS01S3,OK,"",ROLLING04
2024-02-07,05:32:29,P169143400ASSNB240383760080,TS01S3,OK,"",ROLLING04
2024-02-07,05:33:15,P169143400ASSNB240383760490,TS01S3,NG,"Ng,  Handling dent,  ",ROLLING04
2024-02-07,05:37:54,P169143400ASSNB240383759920,TS01S3,OK,"",ROLLING04
2024-02-07,05:39:02,P169143400ASSNB240383760440,TS01S3,OK,"",ROLLING04
2024-02-07,05:39:36,P169143400ASSNB240383760000,TS01S3,NG,"Ng,  Handling dent,  Ng,  Heat treatment dent",ROLLING04
2024-02-07,05:40:17,P169143400ASSNB240383760250,TS01S3,OK,"",ROLLING04
2024-02-07,05:41:19,P169143400ASSNB240383760350,TS01S3,OK,"",ROLLING04
2024-02-07,05:41:53,P169143400ASSNB240383760120,TS01S3,NG,"Ng,  Heat treatment dent",ROLLING04
2024-02-07,05:42:36,P169143400ASSNB240383760050,TS01S3,OK,"",ROLLING04
2024-02-07,05:43:09,P169143400ASSNB240383760570,TS01S3,OK,"",ROLLING04
2024-02-07,05:43:41,P169143400ASSNB240383760150,TS01S3,OK,"",ROLLING04
2024-02-07,05:44:29,P169143400ASSNB240383760020,TS01S3,NG,"Ng,  Handling dent,  ",ROLLING04
2024-02-07,05:45:12,P169143400ASSNB240383760370,TS01S3,OK,"",ROLLING04
2024-02-07,05:46:17,P169143400ASSNB240383760030,TS01S3,OK,"",ROLLING04
2024-02-07,05:47:08,P169143400ASSNB240383760060,TS01S3,OK,"",ROLLING04
2024-02-07,05:47:42,P169143400ASSNB240383760290,TS01S3,NG,"Ng,  Handling dent,  Ng",ROLLING04
2024-02-07,05:48:16,P169143400ASSNB240383760390,TS01S3,OK,"",ROLLING04
2024-02-07,05:48:51,P169143400ASSNB240383759900,TS01S3,OK,"",ROLLING04
2024-02-07,05:49:33,P169143400ASSNB240383759960,TS01S3,NG,"Ng,  Heat treatment dent,  ",ROLLING04
2024-02-07,05:50:07,P169143400ASSNB240383760400,TS01S3,NG,"Ng,  Heat treatment dent",ROLLING04
2024-02-07,05:51:09,P169143400ASSNB240383760100,TS01S3,NG,"Ng,  Heat treatment dent,  Ng",ROLLING04
2024-02-07,05:51:46,P169143400ASSNB240383760460,TS01S3,OK,"",ROLLING04
2024-02-07,05:52:20,P169143400ASSNB240383760430,TS01S3,NG,"Ng,  Handling dent,  ",ROLLING04
2024-02-07,05:53:00,P169143400ASSNB240383759980,TS01S3,OK,"",ROLLING04
2024-02-07,05:53:48,P169143400ASSNB240373757650,TS01S3,OK,"",ROLLING04
2024-02-07,05:59:12,P169143400ASSNB240383760450,TS01S3,NG,"Ng,  Heat treatment dent,  Ng",ROLLING04
2024-02-07,06:00:01,P169143400ASSNB240383760070,TS01S3,OK,"",ROLLING04
2024-02-07,06:00:50,P169143400ASSNB240373758880,TS01S3,NG,"Ng,  Flank_unclean,  ",ROLLING04
2024-02-07,06:01:26,P169143400ASSNB240383760420,TS01S3,OK,"",ROLLING04
2024-02-07,06:02:36,P169143400ASSNB240383760920,TS01S3,NG,"Ng,  Heat treatment dent",ROLLING04
2024-02-07,06:03:12,P169143400ASSNB240383760700,TS01S3,OK,"",ROLLING04
2024-02-07,06:03:47,P169143400ASSNB240383759290,TS01S3,NG,"Ng,  Heat treatment dent",ROLLING04
2024-02-07,06:04:25,P169143400ASSNB240383760630,TS01S3,OK,"",ROLLING04
2024-02-07,06:05:00,P169143400ASSNB240383760650,TS01S3,NG,"Ng,  Root grinding,  Ng,  Heat treatment dent,  ",ROLLING04
2024-02-07,06:05:37,P169143400ASSNB240383760730,TS01S3,OK,"",ROLLING04
2024-02-07,06:07:34,P169143400ASSNB240383760980,TS01S3,OK,"",ROLLING04
2024-02-07,06:08:17,P169143400ASSNB240383760720,TS01S3,OK,"",ROLLING04
2024-02-07,06:09:02,P169143400ASSNB240383760850,TS01S3,NG,"Ng,  Heat treatment dent,  Ng",ROLLING04
2024-02-07,06:09:46,P169143400ASSNB240383760600,TS01S3,NG,"Ng,  Heat treatment dent",ROLLING04
2024-02-07,06:10:21,P169143400ASSNB240383759440,TS01S3,OK,"",ROLLING04
2024-02-07,06:10:56,P169143400ASSNB240383761040,TS01S3,OK,"",ROLLING04
2024-02-07,06:12:28,P169143400ASSNB240383760540,TS01S3,NG,"Ng,  Handling dent,  Ng,  Heat treatment dent",ROLLING04
2024-02-07,06:16:09,P169143400ASSNB240383760670,TS01S3,NG,"Ng,  Heat treatment dent,  Ng",ROLLING04
2024-02-07,06:16:42,P169143400ASSNB240383761050,TS01S3,OK,"",ROLLING04
2024-02-07,06:17:25,P169143400ASSNB240383760960,TS01S3,NG,"Ng,  Rust",ROLLING04
2024-02-07,06:18:02,P169143400ASSNB240383760710,TS01S3,OK,"",ROLLING04
2024-02-07,06:18:37,P169143400ASSNB240383760830,TS01S3,OK,"",ROLLING04
2024-02-07,06:19:13,P169143400ASSNB240383759430,TS01S3,OK,"",ROLLING04
2024-02-07,06:19:47,P169143400ASSNB240383760690,TS01S3,NG,"Ng,  Heat treatment dent,  ",ROLLING04
2024-02-07,06:20:27,P169143400ASSNB240383760620,TS01S3,OK,"",ROLLING04
2024-02-07,06:21:27,P169143400ASSNB240383760930,TS01S3,OK,"",ROLLING04
2024-02-07,06:22:05,P169143400ASSNB240383760560,TS01S3,OK,"",ROLLING04
2024-02-07,06:22:44,P169143400ASSNB240383760550,TS01S3,OK,"",ROLLING04
2024-02-07,06:23:35,P169143400ASSNB240383760530,TS01S3,OK,"",ROLLING04
2024-02-07,06:24:30,P169143400ASSNB240383760580,TS01S3,OK,"",ROLLING04
2024-02-07,06:25:06,P169143400ASSNB240383760660,TS01S3,NG,"Ng,  Handling dent",ROLLING04
2024-02-07,06:25:48,P169143400ASSNB240383760590,TS01S3,NG,"Ng,  Heat treatment dent,  ",ROLLING04
2024-02-07,06:27:11,P169143400ASSNB240383759970,TS01S3,NG,"Ng,  Heat treatment dent,  Ng",ROLLING04
2024-02-07,06:28:12,P169143400ASSNB240383760890,TS01S3,OK,"",ROLLING04
2024-02-07,06:29:45,P169143400ASSNB240383760380,TS01S3,OK,"",ROLLING04
2024-02-07,06:30:22,P169143400ASSNB240383760680,TS01S3,NG,"Ng,  Handling dent,  ",ROLLING04
2024-02-07,06:31:09,P169143400ASSNB240383759880,TS01S3,OK,"",ROLLING04
2024-02-07,06:31:51,P169143400ASSNB240383760260,TS01S3,OK,"",ROLLING04
2024-02-07,06:32:52,P169143400ASSNB240383760500,TS01S3,NG,"Ng,  Heat treatment dent,  Ng",ROLLING04
2024-02-07,06:33:42,P169143400ASSNB240383761170,TS01S3,OK,"",ROLLING04
2024-02-07,06:34:47,P169143400ASSNB240383759990,TS01S3,NG,"Ng,  Heat treatment dent,  ",ROLLING04
2024-02-07,06:35:50,P169143400ASSNB240383761020,TS01S3,OK,"",ROLLING04
2024-02-07,06:39:01,P169143400ASSNB240383761130,TS01S3,OK,"",ROLLING04
2024-02-07,06:39:37,P169143400ASSNB240383761090,TS01S3,OK,"",ROLLING04
2024-02-07,06:40:40,P169143400ASSNB240383759720,TS01S3,OK,"",ROLLING04
2024-02-07,06:41:37,P169143400ASSNB240383760900,TS01S3,OK,"",ROLLING04
2024-02-07,06:42:22,P169143400ASSNB240383761100,TS01S3,OK,"",ROLLING04
2024-02-07,06:43:14,P169143400ASSNB240383761080,TS01S3,OK,"",ROLLING04
2024-02-07,06:43:57,P169143400ASSNB240383761490,TS01S3,NG,"Ng,  Heat treatment dent,  Ng",ROLLING04
2024-02-07,06:44:50,P169143400ASSNB240383760970,TS01S3,OK,"",ROLLING04
2024-02-07,06:46:10,P169143400ASSNB240383760950,TS01S3,OK,"",ROLLING04
2024-02-07,06:46:47,P169143400ASSNB240333726270,TS01S3,OK,"",ROLLING04
2024-02-07,06:47:45,P169143400ASSNB240333726270,TS01S3,OK,"",ROLLING04
2024-02-07,06:48:20,P169143400ASSNB240383760910,TS01S3,NG,"Ng,  Handling dent,  ",ROLLING04
2024-02-07,06:48:55,P169143400ASSNB240323725530,TS01S3,OK,"",ROLLING04
2024-02-07,06:49:29,P169143400ASSNB240333726730,TS01S3,OK,"",ROLLING04
2024-02-07,06:50:00,P169143400ASSNB240333726050,TS01S3,OK,"",ROLLING04
2024-02-07,07:16:59,P169143400ASSNB240383761240,TS01S3,NG,"Ng,  Heat treatment dent",ROLLING04
2024-02-07,07:18:29,P169143400ASSNB240383760940,TS01S3,OK,"",ROLLING04
2024-02-07,07:19:11,P169143400ASSNB240383761510,TS01S3,OK,"",ROLLING04
2024-02-07,07:20:20,P169143400ASSNB240383761160,TS01S3,OK,"",ROLLING04
2024-02-07,07:22:28,P169143400ASSNB240383760640,TS01S3,NG,"Ng,  Heat treatment dent,  Ng,  Handling dent",ROLLING04
2024-02-07,07:23:25,P169143400ASSNB240383761030,TS01S3,OK,"",ROLLING04
2024-02-07,07:24:05,P169143400ASSNB240333726950,TS01S3,OK,"",ROLLING04
2024-02-07,07:25:01,P169143400ASSNB240383760840,TS01S3,OK,"",ROLLING04
2024-02-07,07:25:39,P169143400ASSNB240333726320,TS01S3,OK,"",ROLLING04
2024-02-07,07:26:21,P169143400ASSNB240333726170,TS01S3,OK,"",ROLLING04
2024-02-07,07:27:19,P169143400ASSNB240333726020,TS01S3,NG,"Ng,  Root grinding",ROLLING04
2024-02-07,07:29:54,P169143400ASSNB240333726610,TS01S3,OK,"",ROLLING04
2024-02-07,07:30:33,P169143400ASSNB240333725920,TS01S3,OK,"",ROLLING04
2024-02-07,07:31:51,P169143400ASSNB240333726250,TS01S3,OK,"",ROLLING04
2024-02-07,07:32:54,P169143400ASSNB240333726350,TS01S3,OK,"",ROLLING04
2024-02-07,07:34:09,P169143400ASSNB240323725400,TS01S3,OK,"",ROLLING04
2024-02-07,07:35:03,P169143400ASSNB240333726300,TS01S3,OK,"",ROLLING04
2024-02-07,07:35:40,P169143400ASSNB240333726690,TS01S3,NG,"Ng,  Heat treatment dent,  Ng",ROLLING04
2024-02-07,07:36:28,P169143400ASSNB240333725980,TS01S3,NG,"Ng,  Handling dent,  ",ROLLING04
2024-02-07,07:37:17,P169143400ASSNB240333725930,TS01S3,OK,"",ROLLING04
2024-02-07,07:38:09,P169143400ASSNB240373755770,TS01S3,NG,"Ng,  Flank_unclean,  Ng,  Rust",ROLLING04
2024-02-07,07:41:11,P169143400ASSNB240333726460,TS01S3,NG,"Ng,  Rust,  Ng",ROLLING04
2024-02-07,07:41:47,P169143400ASSNB240333726560,TS01S3,OK,"",ROLLING04
2024-02-07,07:42:23,P169143400ASSNB240333726520,TS01S3,NG,"Ng,  Heat treatment dent,  Ng",ROLLING04
2024-02-07,07:42:59,P169143400ASSNB240333726790,TS01S3,NG,"Ng,  Heat treatment dent,  Ng",ROLLING04
2024-02-07,07:43:36,P169143400ASSNB240333726640,TS01S3,OK,"",ROLLING04
2024-02-07,07:44:19,P169143400ASSNB240333726430,TS01S3,OK,"",ROLLING04
2024-02-07,07:48:51,P169143400ASSNB240333726190,TS01S3,OK,"",ROLLING04
2024-02-07,07:49:34,P169143400ASSNB240333725850,TS01S3,OK,"",ROLLING04
2024-02-07,07:51:53,P169143400ASSNB240333726240,TS01S3,OK,"",ROLLING04
2024-02-07,07:54:58,P169143400ASSNB240333725840,TS01S3,OK,"",ROLLING04
2024-02-07,07:55:36,P169143400ASSNB240333726800,TS01S3,NG,"Ng,  Flank_unclean,  Ng",ROLLING04
2024-02-07,07:57:52,P169143400ASSNB240333726850,TS01S3,NG,"Ng,  Heat treatment dent,  Ng,  Rust",ROLLING04
2024-02-07,07:58:37,P169143400ASSNB240343734900,TS01S3,NG,"Ng,  Handling dent,  Ng,  Heat treatment dent",ROLLING04
2024-02-07,07:59:21,P169143400ASSNB240333725890,TS01S3,OK,"",ROLLING04
2024-02-07,08:00:02,P169143400ASSNB240333726410,TS01S3,OK,"",ROLLING04
2024-02-07,08:01:18,P169143400ASSNB240333726780,TS01S3,NG,"Ng,  Handling dent,  ",ROLLING04
2024-02-07,08:01:59,P169143400ASSNB240343735950,TS01S3,OK,"",ROLLING04
2024-02-07,08:02:41,P169143400ASSNB240323725430,TS01S3,NG,"Ng,  Handling dent",ROLLING04
2024-02-07,08:03:23,P169143400ASSNB240333726600,TS01S3,OK,"",ROLLING04
2024-02-07,08:04:20,P169143400ASSNB240333726260,TS01S3,NG,"Ng,  Flank_unclean,  Ng,  Heat treatment dent",ROLLING04
2024-02-07,08:05:19,P169143400ASSNB240333726230,TS01S3,NG,"Ng,  Flank_unclean,  Ng,  Rust",ROLLING04
2024-02-07,08:06:15,P169143400ASSNB240333726490,TS01S3,NG,"Ng,  Handling dent,  Ng,  Heat treatment dent",ROLLING04
2024-02-07,08:06:57,P169143400ASSNB240333726650,TS01S3,NG,"Ng,  Flank_unclean,  ",ROLLING04
2024-02-07,08:07:41,P169143400ASSNB240333726420,TS01S3,NG,"Ng,  Heat treatment dent,  ",ROLLING04
2024-02-07,08:08:38,P169143400ASSNB240323725350,TS01S3,OK,"",ROLLING04
2024-02-07,08:09:35,P169143400ASSNB240323725390,TS01S3,NG,"Ng,  Rust,  ",ROLLING04
2024-02-07,08:10:17,P169143400ASSNB240333726210,TS01S3,OK,"",ROLLING04
2024-02-07,08:10:59,P169143400ASSNB240333726380,TS01S3,NG,"Ng,  Rust,  Ng,  Heat treatment dent",ROLLING04
2024-02-07,08:11:56,P169143400ASSNB240333726400,TS01S3,NG,"Ng,  Heat treatment dent,  ",ROLLING04
2024-02-07,08:12:42,P169143400ASSNB240333726470,TS01S3,NG,"Ng,  Flank_unclean,  ",ROLLING04
2024-02-07,08:14:04,P169143400ASSNB240323720620,TS01S3,OK,"",ROLLING04
2024-02-07,08:14:47,P169143400ASSNB240383761430,TS01S3,OK,"",ROLLING04
2024-02-07,08:15:31,P169143400ASSNB240383761410,TS01S3,NG,"Ng,  Heat treatment dent,  Ng",ROLLING04
2024-02-07,08:16:48,P169143400ASSNB240383760860,TS01S3,OK,"",ROLLING04
2024-02-07,08:28:40,P169143400ASSNB240383761210,TS01S3,OK,"",ROLLING04
2024-02-07,08:29:33,P169143400ASSNB240383761460,TS01S3,NG,"Ng,  Heat treatment dent,  Ng,  Handling dent",ROLLING04
2024-02-07,08:31:09,P169143400ASSNB240383761150,TS01S3,OK,"",ROLLING04
2024-02-07,08:31:59,P169143400ASSNB240383761250,TS01S3,OK,"",ROLLING04
2024-02-07,08:32:39,P169143400ASSNB240383759410,TS01S3,NG,"Ng,  Heat treatment dent,  Ng",ROLLING04
2024-02-07,08:33:19,P169143400ASSNB240383761400,TS01S3,OK,"",ROLLING04
2024-02-07,08:34:22,P169143400ASSNB240383761200,TS01S3,OK,"",ROLLING04
2024-02-07,08:35:03,P169143400ASSNB240383760880,TS01S3,OK,"",ROLLING04
2024-02-07,08:36:00,P169143400ASSNB240383761180,TS01S3,OK,"",ROLLING04
2024-02-07,08:37:07,P169143400ASSNB240383759840,TS01S3,NG,"Ng,  Heat treatment dent",ROLLING04
2024-02-07,08:38:30,P169143400ASSNB240383760990,TS01S3,NG,"Ng,  Heat treatment dent,  Ng,  Rust,  ",ROLLING04
2024-02-07,08:39:25,P169143400ASSNB240383761480,TS01S3,OK,"",ROLLING04
2024-02-07,08:40:11,P169143400ASSNB240383761420,TS01S3,NG,"Ng,  Heat treatment dent,  Ng",ROLLING04
2024-02-07,08:41:29,P169143400ASSNB240383761000,TS01S3,NG,"Ng,  Heat treatment dent,  Ng",ROLLING04
2024-02-07,08:42:39,P169143400ASSNB240383761190,TS01S3,NG,"Ng,  Flank_unclean,  ",ROLLING04
2024-02-07,08:43:42,P169143400ASSNB240383761010,TS01S3,OK,"",ROLLING04
2024-02-07,08:44:36,P169143400ASSNB240383759390,TS01S3,OK,"",ROLLING04
2024-02-07,08:45:44,P169143400ASSNB240383759420,TS01S3,OK,"",ROLLING04
2024-02-07,08:46:24,P169143400ASSNB240383759400,TS01S3,OK,"",ROLLING04
2024-02-07,08:47:06,P169143400ASSNB240383759740,TS01S3,OK,"",ROLLING04
2024-02-07,08:47:47,P169143400ASSNB240383761330,TS01S3,NG,"Ng,  Handling dent,  Ng,  Heat treatment dent",ROLLING04
2024-02-07,08:48:28,P169143400ASSNB240383760780,TS01S3,NG,"Ng,  Heat treatment dent,  Ng",ROLLING04
2024-02-07,08:49:11,P169143400ASSNB240383761620,TS01S3,NG,"Ng,  Heat treatment dent,  ",ROLLING04
2024-02-07,08:49:53,P169143400ASSNB240383760820,TS01S3,NG,"Ng,  Handling dent,  Ng,  Heat treatment dent",ROLLING04
2024-02-07,08:50:41,P169143400ASSNB240383761300,TS01S3,NG,"Ng,  Handling dent,  ",ROLLING04
2024-02-07,08:51:35,P169143400ASSNB240383761310,TS01S3,OK,"",ROLLING04
2024-02-07,08:52:27,P169143400ASSNB240383761540,TS01S3,OK,"",ROLLING04
2024-02-07,09:24:46,P169143400ASSNB240383761390,TS01S3,OK,"",ROLLING04
2024-02-07,09:25:35,P169143400ASSNB240383759680,TS01S3,OK,"",ROLLING04
2024-02-07,09:26:24,P169143400ASSNB240383760750,TS01S3,NG,"Ng,  Heat treatment dent,  Ng",ROLLING04
2024-02-07,09:27:29,P169143400ASSNB240383760740,TS01S3,OK,"",ROLLING04
2024-02-07,09:28:16,P169143400ASSNB240383760770,TS01S3,NG,"Ng,  Heat treatment dent,  ",ROLLING04
2024-02-07,09:29:02,P169143400ASSNB240383761370,TS01S3,NG,"Ng,  Handling dent,  Heat treatment dent,  Ng",ROLLING04
2024-02-07,09:29:51,P169143400ASSNB240383759690,TS01S3,NG,"Ng,  Heat treatment dent",ROLLING04
2024-02-07,09:30:44,P169143400ASSNB240383761350,TS01S3,OK,"",ROLLING04
2024-02-07,09:32:59,P169143400ASSNB240383761280,TS01S3,NG,"Ng,  Heat treatment dent,  Ng",ROLLING04
2024-02-07,09:33:48,P169143400ASSNB240383761380,TS01S3,OK,"",ROLLING04
2024-02-07,09:34:47,P169143400ASSNB240383761740,TS01S3,NG,"Ng,  Handling dent,  Ng,  Heat treatment dent",ROLLING04
2024-02-07,09:36:04,P169143400ASSNB240383759700,TS01S3,NG,"Ng,  Heat treatment dent,  Ng",ROLLING04
2024-02-07,09:37:06,P169143400ASSNB240383761270,TS01S3,NG,"Ng,  Handling dent,  Ng,  Heat treatment dent",ROLLING04
2024-02-07,09:37:50,P169143400ASSNB240383761470,TS01S3,NG,"Ng,  Heat treatment dent",ROLLING04
2024-02-07,09:38:54,P169143400ASSNB240383761500,TS01S3,NG,"Ng,  Heat treatment dent,  Ng",ROLLING04
2024-02-07,09:39:46,P169143400ASSNB240383761110,TS01S3,NG,"Ng,  Handling dent",ROLLING04
2024-02-07,09:40:43,P169143400ASSNB240383760610,TS01S3,NG,"Ng,  Rust,  ",ROLLING04
2024-02-07,09:42:02,P169143400ASSNB240383761760,TS01S3,NG,"Ng,  Heat treatment dent,  Ng",ROLLING04
2024-02-07,09:43:02,P169143400ASSNB240383761750,TS01S3,NG,"Ng,  Heat treatment dent,  Ng,  Rust",ROLLING04
2024-02-07,09:43:53,P169143400ASSNB240383761230,TS01S3,OK,"",ROLLING04
2024-02-07,09:44:46,P169143400ASSNB240383761120,TS01S3,NG,"Ng,  Heat treatment dent",ROLLING04
2024-02-07,09:45:34,P169143400ASSNB240383760760,TS01S3,OK,"",ROLLING04
2024-02-07,09:46:22,P169143400ASSNB240383761340,TS01S3,OK,"",ROLLING04
2024-02-07,09:47:16,P169143400ASSNB240383761680,TS01S3,NG,"Ng,  Heat treatment dent,  Ng",ROLLING04
2024-02-07,09:48:12,P169143400ASSNB240383761070,TS01S3,OK,"",ROLLING04
2024-02-07,09:48:58,P169143400ASSNB240383761660,TS01S3,OK,"",ROLLING04
2024-02-07,09:49:44,P169143400ASSNB240383761610,TS01S3,OK,"",ROLLING04
2024-02-07,09:50:33,P169143400ASSNB240383761570,TS01S3,OK,"",ROLLING04
2024-02-07,09:51:13,P169143400ASSNB240383761450,TS01S3,OK,"",ROLLING04
2024-02-07,09:51:53,P169143400ASSNB240363751160,TS01S3,OK,"",ROLLING04
2024-02-07,09:52:35,P169143400ASSNB240373752080,TS01S3,OK,"",ROLLING04
2024-02-07,09:53:15,P169143400ASSNB240363750890,TS01S3,NG,"Ng,  Heat treatment dent,  Ng",ROLLING04
2024-02-07,09:54:30,P169143400ASSNB240363750890,TS01S3,NG,"Ng,  Heat treatment dent,  Ng",ROLLING04
2024-02-07,09:55:37,P169143400ASSNB240373752780,TS01S3,OK,"",ROLLING04
2024-02-07,09:56:17,P169143400ASSNB240343735730,TS01S3,OK,"",ROLLING04
2024-02-07,09:57:19,P169143400ASSNB240383761690,TS01S3,OK,"",ROLLING04
2024-02-07,09:58:00,P169143400ASSNB240363750390,TS01S3,OK,"",ROLLING04
2024-02-07,09:59:19,P169143400ASSNB240363750390,TS01S3,OK,"",ROLLING04
2024-02-07,09:59:59,P169143400ASSNB240383761670,TS01S3,OK,"",ROLLING04
2024-02-07,10:00:40,P169143400ASSNB240383760810,TS01S3,OK,"",ROLLING04
2024-02-07,10:01:21,P169143400ASSNB240383760790,TS01S3,OK,"",ROLLING04
2024-02-07,10:02:05,P169143400ASSNB240383761650,TS01S3,OK,"",ROLLING04
2024-02-07,10:03:35,P169143400ASSNB240383761600,TS01S3,OK,"",ROLLING04
2024-02-07,10:04:27,P169143400ASSNB240383761440,TS01S3,OK,"",ROLLING04
2024-02-07,10:05:47,P169143400ASSNB240383761360,TS01S3,OK,"",ROLLING04
2024-02-07,10:06:53,P169143400ASSNB240383761560,TS01S3,OK,"",ROLLING04
2024-02-07,10:07:34,P169143400ASSNB240383761580,TS01S3,NG,"Ng,  Handling dent,  Ng,  Heat treatment dent",ROLLING04
2024-02-07,10:08:13,P169143400ASSNB240313707410,TS01S3,NG,"Ng,  Heat treatment dent",ROLLING04
2024-02-07,10:08:53,P169143400ASSNB240313708250,TS01S3,OK,"",ROLLING04
2024-02-07,10:09:39,P169143400ASSNB240383761550,TS01S3,NG,"Ng,  Handling dent",ROLLING04
2024-02-07,10:10:35,P169143400ASSNB240383761290,TS01S3,OK,"",ROLLING04
2024-02-07,10:11:44,P169143400ASSNB240383760800,TS01S3,NG,"Ng,  Heat treatment dent,  ",ROLLING04
2024-02-07,10:12:26,P169143400ASSNB240323724670,TS01S3,NG,"Ng,  Heat treatment dent,  Ng",ROLLING04
2024-02-07,10:13:06,P169143400ASSNB240343733610,TS01S3,NG,"Ng,  Handling dent,  ",ROLLING04
2024-02-07,10:15:03,P169143400ASSNB240303698060,TS01S3,OK,"",ROLLING04
2024-02-07,10:16:13,P169143400ASSNB240383761630,TS01S3,NG,"Ng,  Root grinding,  ",ROLLING04
2024-02-07,10:16:57,P169143400ASSNB240253651480,TS01S3,NG,"Ng,  Flank_unclean,  Ng,  Handling dent",ROLLING04
2024-02-07,10:18:00,P169143400ASSNB240303700030,TS01S3,NG,"Ng,  Heat treatment dent",ROLLING04
2024-02-07,10:19:30,P169143400ASSNB240383761980,TS01S3,OK,"",ROLLING04
2024-02-07,10:24:40,P169143400ASSNB240383761320,TS01S3,NG,"Ng,  Flank_unclean,  Ng",ROLLING04
2024-02-07,10:25:24,P169143400ASSNB240273658500,TS01S3,NG,"Ng,  Handling dent,  Ng,  Flank_unclean,  Heat treatment dent",ROLLING04
2024-02-07,10:26:50,P169143400ASSNB240383762330,TS01S3,NG,"Ng,  Flank_unclean,  Ng,  Handling dent",ROLLING04
2024-02-07,10:28:41,P169143400ASSNB240323720600,TS01S3,OK,"",ROLLING04
2024-02-07,10:32:52,P169143400ASSNB240383761970,TS01S3,NG,"Ng,  Rust,  ",ROLLING04
2024-02-07,10:33:53,P169143400ASSNB240313711770,TS01S3,NG,"Ng,  Heat treatment dent,  Ng",ROLLING04
2024-02-07,10:34:37,P169143400ASSNB240323725020,TS01S3,OK,"",ROLLING04
2024-02-07,10:35:34,P169143400ASSNB240383762020,TS01S3,OK,"",ROLLING04
2024-02-07,10:36:41,P169143400ASSNB240383762240,TS01S3,OK,"",ROLLING04
2024-02-07,10:38:08,P169143400ASSNB240273658500,TS01S3,OK,"",ROLLING04
2024-02-07,10:39:40,P169143400ASSNB240383762380,TS01S3,NG,"Ng,  Handling dent,  ",ROLLING04
2024-02-07,10:40:21,P169143400ASSNB240323724720,TS01S3,OK,"",ROLLING04
2024-02-07,10:41:31,P169143400ASSNB240383762140,TS01S3,OK,"",ROLLING04
2024-02-07,10:42:48,P169143400ASSNB240383762200,TS01S3,NG,"Ng,  Heat treatment dent,  Ng",ROLLING04
2024-02-07,10:47:08,P169143400ASSNB240313710330,TS01S3,NG,"Ng,  Heat treatment dent",ROLLING04
2024-02-07,10:48:39,P169143400ASSNB240383762320,TS01S3,NG,"Ng,  Heat treatment dent",ROLLING04
2024-02-07,10:49:46,P169143400ASSNB240383762090,TS01S3,OK,"",ROLLING04
2024-02-07,10:50:42,P169143400ASSNB240313708490,TS01S3,OK,"",ROLLING04
2024-02-07,10:51:29,P169143400ASSNB240293685750,TS01S3,NG,"Ng,  Heat treatment dent",ROLLING04
2024-02-07,10:52:16,P169143400ASSNB240333728350,TS01S3,OK,"",ROLLING04
2024-02-07,10:55:40,P169143400ASSNB240343740120,TS01S3,OK,"",ROLLING04
2024-02-07,10:56:24,P169143400ASSNB240313708370,TS01S3,OK,"",ROLLING04
2024-02-07,11:38:45,P169143400ASSNB240373753470,TS01S3,NG,"Ng,  step grinding,  Ng,  Flank_unclean,  Heat treatment dent",ROLLING04
2024-02-07,11:39:26,P169143400ASSNB240253649860,TS01S3,NG,"Ng,  Flank_unclean,  Handling dent,  Ng,  Heat treatment dent",ROLLING04
2024-02-07,11:40:07,P169143400ASSNB240293685980,TS01S3,NG,"Ng,  Handling dent,  Ng,  Heat treatment dent",ROLLING04
2024-02-07,11:40:54,P169143400ASSNB240313708520,TS01S3,NG,"Ng,  Heat treatment dent",ROLLING04
2024-02-07,11:41:36,P169143400ASSNB240333725940,TS01S3,OK,"",ROLLING04
2024-02-07,11:42:20,P169143400ASSNB240283677380,TS01S3,NG,"Ng,  Heat treatment dent,  Ng,  Flank_unclean",ROLLING04
2024-02-07,11:43:24,P169143400ASSNB240343737880,TS01S3,NG,"Ng,  Handling dent",ROLLING04
2024-02-07,11:44:08,P169143400ASSNB240293686410,TS01S3,OK,"",ROLLING04
2024-02-07,11:44:49,P169143400ASSNB240313708190,TS01S3,OK,"",ROLLING04
2024-02-07,11:45:30,P169143400ASSNB240313708200,TS01S3,NG,"Ng,  Handling dent,  ",ROLLING04
2024-02-07,11:46:31,P169143400ASSNB240383761060,TS01S3,OK,"",ROLLING04
2024-02-07,11:47:17,P169143400ASSNB240313708050,TS01S3,NG,"Ng,  Handling dent,  Ng,  ",ROLLING04
2024-02-07,11:48:21,P169143400ASSNB240323725060,TS01S3,NG,"Ng,  Heat treatment dent,  Ng,  ",ROLLING04
2024-02-07,11:49:20,P169143400ASSNB240383761220,TS01S3,NG,"Ng,  Handling dent,  Ng,  Heat treatment dent",ROLLING04
2024-02-07,11:50:22,P169143400ASSNB240333729410,TS01S3,NG,"Ng,  Handling dent,  Ng,  ",ROLLING04
2024-02-07,11:51:02,P169143400ASSNB240313714250,TS01S3,OK,"",ROLLING04
2024-02-07,11:51:43,P169143400ASSNB240313703950,TS01S3,NG,"Ng,  Heat treatment dent",ROLLING04
2024-02-07,11:52:26,P169143400ASSNB240343740230,TS01S3,NG,"Ng,  Heat treatment dent,  Ng",ROLLING04
2024-02-07,11:53:09,P169143400ASSNB240313708120,TS01S3,NG,"Ng,  Heat treatment dent",ROLLING04
2024-02-07,11:54:22,P169143400ASSNB240383762620,TS01S3,NG,"Ng,  Heat treatment dent,  Ng",ROLLING04
2024-02-07,11:55:02,P169143400ASSNB240383762510,TS01S3,NG,"Ng,  Heat treatment dent",ROLLING04
2024-02-07,11:55:49,P169143400ASSNB240313709940,TS01S3,NG,"Ng,  Rust,  ",ROLLING04
2024-02-07,11:56:29,P169143400ASSNB240373753470,TS01S3,NG,"Ng,  Flank_unclean,  Ng",ROLLING04
2024-02-07,11:57:05,P169143400ASSNB240383762610,TS01S3,OK,"",ROLLING04
2024-02-07,11:57:42,P169143400ASSNB240383762310,TS01S3,NG,"Ng,  Heat treatment dent,  Ng,  Handling dent",ROLLING04
2024-02-07,11:58:27,P169143400ASSNB240383762880,TS01S3,OK,"",ROLLING04
2024-02-07,11:59:03,P169143400ASSNB240383762220,TS01S3,NG,"Ng,  Heat treatment dent,  Ng",ROLLING04
2024-02-07,11:59:54,P169143400ASSNB240383762860,TS01S3,OK,"",ROLLING04
2024-02-07,12:00:28,P169143400ASSNB240383762540,TS01S3,OK,"",ROLLING04
2024-02-07,12:01:10,P169143400ASSNB240383762910,TS01S3,OK,"",ROLLING04
2024-02-07,12:01:44,P169143400ASSNB240383762640,TS01S3,OK,"",ROLLING04
2024-02-07,12:02:44,P169143400ASSNB240383762110,TS01S3,OK,"",ROLLING04
2024-02-07,12:03:33,P169143400ASSNB240383762180,TS01S3,OK,"",ROLLING04
2024-02-07,12:04:25,P169143400ASSNB240383762820,TS01S3,OK,"",ROLLING04
2024-02-07,12:04:59,P169143400ASSNB240383759370,TS01S3,OK,"",ROLLING04
2024-02-07,12:05:32,P169143400ASSNB240383759380,TS01S3,OK,"",ROLLING04
2024-02-07,12:06:14,P169143400ASSNB240313713790,TS01S3,OK,"",ROLLING04
2024-02-07,12:07:09,P169143400ASSNB240313713790,TS01S3,OK,"",ROLLING04
2024-02-07,12:07:43,P169143400ASSNB240373753760,TS01S3,NG,"Ng,  Heat treatment dent",ROLLING04
2024-02-07,12:08:22,P169143400ASSNB240383762100,TS01S3,NG,"Ng,  Handling dent",ROLLING04
2024-02-07,12:09:00,P169143400ASSNB240383762470,TS01S3,OK,"",ROLLING04
2024-02-07,12:09:33,P169143400ASSNB240323725070,TS01S3,OK,"",ROLLING04
2024-02-07,12:10:25,P169143400ASSNB240323725100,TS01S3,OK,"",ROLLING04
2024-02-07,12:11:07,P169143400ASSNB240313708400,TS01S3,NG,"Ng,  Flank_unclean",ROLLING04
2024-02-07,12:11:41,P169143400ASSNB240383761800,TS01S3,OK,"",ROLLING04
2024-02-07,12:12:21,P169143400ASSNB240383763380,TS01S3,NG,"Ng,  Flank_unclean,  Ng",ROLLING04
2024-02-07,12:13:04,P169143400ASSNB240383761850,TS01S3,OK,"",ROLLING04
2024-02-07,12:13:46,P169143400ASSNB240383762780,TS01S3,OK,"",ROLLING04
2024-02-07,12:14:40,P169143400ASSNB240383762780,TS01S3,OK,"",ROLLING04
2024-02-07,12:16:32,P169143400ASSNB240383762530,TS01S3,NG,"Ng,  Heat treatment dent,  Ng",ROLLING04
2024-02-07,12:17:19,P169143400ASSNB240383762160,TS01S3,OK,"",ROLLING04
2024-02-07,12:18:10,P169143400ASSNB240383761820,TS01S3,OK,"",ROLLING04
2024-02-07,12:18:46,P169143400ASSNB240383761890,TS01S3,OK,"",ROLLING04
2024-02-07,12:19:23,P169143400ASSNB240383763360,TS01S3,OK,"",ROLLING04
2024-02-07,12:19:58,P169143400ASSNB240383763310,TS01S3,NG,"Ng,  Flank_unclean,  ",ROLLING04
2024-02-07,12:20:40,P169143400ASSNB240383763320,TS01S3,OK,"",ROLLING04
2024-02-07,12:22:33,P169143400ASSNB240383761780,TS01S3,OK,"",ROLLING04
2024-02-07,12:23:08,P169143400ASSNB240383761700,TS01S3,NG,"Ng,  Heat treatment dent,  ",ROLLING04
2024-02-07,12:23:43,P169143400ASSNB240383761840,TS01S3,OK,"",ROLLING04
2024-02-07,12:24:17,P169143400ASSNB240383763210,TS01S3,OK,"",ROLLING04
2024-02-07,12:24:54,P169143400ASSNB240383761710,TS01S3,OK,"",ROLLING04
2024-02-07,12:25:30,P169143400ASSNB240383763260,TS01S3,OK,"",ROLLING04
2024-02-07,12:26:08,P169143400ASSNB240383763450,TS01S3,OK,"",ROLLING04
2024-02-07,12:26:45,P169143400ASSNB240383762660,TS01S3,OK,"",ROLLING04
2024-02-07,12:27:21,P169143400ASSNB240383763170,TS01S3,NG,"Ng,  Handling dent,  Ng",ROLLING04
2024-02-07,12:29:37,P169143400ASSNB240353741180,TS01S3,OK,"",ROLLING04
2024-02-07,12:30:12,P169143400ASSNB240343738970,TS01S3,OK,"",ROLLING04
2024-02-07,12:30:48,P169143400ASSNB240353741040,TS01S3,NG,"Ng,  Handling dent",ROLLING04
2024-02-07,12:31:24,P169143400ASSNB240343738190,TS01S3,OK,"",ROLLING04
2024-02-07,12:32:03,P169143400ASSNB240353741080,TS01S3,NG,"Ng,  Heat treatment dent",ROLLING04
2024-02-07,12:32:45,P169143400ASSNB240343738220,TS01S3,NG,"Ng,  Heat treatment dent,  Ng,  Handling dent",ROLLING04
2024-02-07,12:33:22,P169143400ASSNB240353741150,TS01S3,OK,"",ROLLING04
2024-02-07,12:33:58,P169143400ASSNB240353741740,TS01S3,OK,"",ROLLING04
2024-02-07,12:34:34,P169143400ASSNB240353741270,TS01S3,OK,"",ROLLING04
2024-02-07,12:35:11,P169143400ASSNB240353741200,TS01S3,OK,"",ROLLING04
2024-02-07,12:35:52,P169143400ASSNB240343739720,TS01S3,OK,"",ROLLING04
2024-02-07,12:36:28,P169143400ASSNB240353741070,TS01S3,NG,"Ng,  Heat treatment dent,  Ng",ROLLING04
2024-02-07,12:37:31,P169143400ASSNB240353740910,TS01S3,NG,"Ng,  Heat treatment dent,  Ng,  Flank_unclean,  Rust",ROLLING04
2024-02-07,12:38:54,P169143400ASSNB240383762400,TS01S3,NG,"Ng,  Heat treatment dent",ROLLING04
2024-02-07,12:39:30,P169143400ASSNB240353741260,TS01S3,OK,"",ROLLING04
2024-02-07,12:40:06,P169143400ASSNB240353741780,TS01S3,OK,"",ROLLING04
2024-02-07,12:40:45,P169143400ASSNB240383762420,TS01S3,OK,"",ROLLING04
2024-02-07,12:41:19,P169143400ASSNB240353741750,TS01S3,NG,"Ng,  Handling dent,  ",ROLLING04
2024-02-07,12:41:57,P169143400ASSNB240383762500,TS01S3,OK,"",ROLLING04
2024-02-07,12:42:33,P169143400ASSNB240353741140,TS01S3,OK,"",ROLLING04
2024-02-07,12:43:10,P169143400ASSNB240383762410,TS01S3,OK,"",ROLLING04
2024-02-07,12:43:46,P169143400ASSNB240383761640,TS01S3,OK,"",ROLLING04
2024-02-07,12:44:21,P169143400ASSNB240383762450,TS01S3,OK,"",ROLLING04
2024-02-07,12:45:00,P169143400ASSNB240353740480,TS01S3,NG,"Ng,  Heat treatment dent",ROLLING04
2024-02-07,12:48:00,P169143400ASSNB240383762680,TS01S3,OK,"",ROLLING04
2024-02-07,12:48:52,P169143400ASSNB240383762700,TS01S3,OK,"",ROLLING04
2024-02-07,12:50:09,P169143400ASSNB240383762710,TS01S3,OK,"",ROLLING04
2024-02-07,12:51:01,P169143400ASSNB240383762480,TS01S3,OK,"",ROLLING04
2024-02-07,12:51:38,P169143400ASSNB240383762430,TS01S3,OK,"",ROLLING04
2024-02-07,12:52:31,P169143400ASSNB240383763190,TS01S3,OK,"",ROLLING04
2024-02-07,12:53:24,P169143400ASSNB240383763090,TS01S3,NG,"Ng,  Heat treatment dent,  ",ROLLING04
2024-02-07,12:54:07,P169143400ASSNB240383762270,TS01S3,NG,"Ng,  Heat treatment dent",ROLLING04
2024-02-07,12:54:55,P169143400ASSNB240383762000,TS01S3,NG,"Ng,  Flank_unclean,  ",ROLLING04
2024-02-07,12:55:56,P169143400ASSNB240383763160,TS01S3,NG,"Ng,  Heat treatment dent,  Ng",ROLLING04
2024-02-07,12:57:15,P169143400ASSNB240383762650,TS01S3,NG,"Ng,  Heat treatment dent",ROLLING04
2024-02-07,12:58:03,P169143400ASSNB240383762570,TS01S3,OK,"",ROLLING04
2024-02-07,12:59:01,P169143400ASSNB240383762810,TS01S3,NG,"Ng,  Heat treatment dent,  Ng",ROLLING04
2024-02-07,12:59:56,P169143400ASSNB240383762580,TS01S3,OK,"",ROLLING04
2024-02-07,13:00:57,P169143400ASSNB240383762740,TS01S3,OK,"",ROLLING04
2024-02-07,13:01:38,P169143400ASSNB240383763250,TS01S3,OK,"",ROLLING04
2024-02-07,13:02:30,P169143400ASSNB240383762800,TS01S3,OK,"",ROLLING04
2024-02-07,13:03:17,P169143400ASSNB240383761930,TS01S3,OK,"",ROLLING04
2024-02-07,13:04:14,P169143400ASSNB240383762940,TS01S3,OK,"",ROLLING04
2024-02-07,13:05:05,P169143400ASSNB240383762600,TS01S3,OK,"",ROLLING04
2024-02-07,13:05:55,P169143400ASSNB240383761900,TS01S3,OK,"",ROLLING04
2024-02-07,13:06:51,P169143400ASSNB240383762870,TS01S3,OK,"",ROLLING04
2024-02-07,13:08:07,P169143400ASSNB240383762030,TS01S3,NG,"Ng,  Heat treatment dent,  Ng",ROLLING04
2024-02-07,13:09:18,P169143400ASSNB240383763000,TS01S3,OK,"",ROLLING04
2024-02-07,13:10:04,P169143400ASSNB240383762120,TS01S3,OK,"",ROLLING04
2024-02-07,13:10:58,P169143400ASSNB240373755530,TS01S3,OK,"",ROLLING04
2024-02-07,13:11:43,P169143400ASSNB240353741610,TS01S3,NG,"Ng,  Heat treatment dent,  Ng,  Handling dent",ROLLING04
2024-02-07,13:12:39,P169143400ASSNB240273657670,TS01S3,NG,"Ng,  Handling dent,  Ng,  Heat treatment dent",ROLLING04
2024-02-07,13:13:48,P169143400ASSNB240383762050,TS01S3,OK,"",ROLLING04
2024-02-07,13:14:29,P169143400ASSNB240383762070,TS01S3,OK,"",ROLLING04
2024-02-07,13:15:10,P169143400ASSNB240383761590,TS01S3,OK,"",ROLLING04
2024-02-07,13:15:58,P169143400ASSNB240383762010,TS01S3,NG,"Ng,  Heat treatment dent,  Ng,  Handling dent",ROLLING04
2024-02-07,13:16:35,P169143400ASSNB240323716740,TS01S3,NG,"Ng,  Handling dent,  Ng,  Heat treatment dent,  ",ROLLING04
2024-02-07,13:17:12,P169143400ASSNB240383761920,TS01S3,NG,"Ng,  step grinding,  Ng,  Heat treatment dent",ROLLING04
2024-02-07,13:17:56,P169143400ASSNB240383762040,TS01S3,OK,"",ROLLING04
2024-02-07,13:18:36,P169143400ASSNB240383762130,TS01S3,OK,"",ROLLING04
2024-02-07,13:25:42,P169143400ASSNB240363749670,TS01S3,NG,"Ng,  Heat treatment dent,  Ng",ROLLING04
2024-02-07,13:26:21,P169143400ASSNB240383762370,TS01S3,OK,"",ROLLING04
2024-02-07,13:27:01,P169143400ASSNB240363749500,TS01S3,NG,"Ng,  Heat treatment dent,  Ng,  Root grinding",ROLLING04
2024-02-07,13:27:40,P169143400ASSNB240353743740,TS01S3,NG,"Ng,  Heat treatment dent,  Ng,  ",ROLLING04
2024-02-07,13:28:37,P169143400ASSNB240383761990,TS01S3,NG,"Ng,  Heat treatment dent,  Ng",ROLLING04
2024-02-07,13:29:16,P169143400ASSNB240383761940,TS01S3,NG,"Ng,  Heat treatment dent,  ",ROLLING04
2024-02-07,13:29:58,P169143400ASSNB240363748800,TS01S3,OK,"",ROLLING04
2024-02-07,13:30:53,P169143400ASSNB240363747940,TS01S3,OK,"",ROLLING04
2024-02-07,13:31:39,P169143400ASSNB240363749740,TS01S3,NG,"Ng,  Heat treatment dent,  Ng,  Handling dent",ROLLING04
2024-02-07,13:32:37,P169143400ASSNB240383762300,TS01S3,OK,"",ROLLING04
2024-02-07,13:33:17,P169143400ASSNB240383762350,TS01S3,OK,"",ROLLING04
2024-02-07,13:33:54,P169143400ASSNB240383762080,TS01S3,OK,"",ROLLING04
2024-02-07,13:34:31,P169143400ASSNB240383763720,TS01S3,OK,"",ROLLING04
2024-02-07,13:35:13,P169143400ASSNB240383763660,TS01S3,OK,"",ROLLING04
2024-02-07,13:36:07,P169143400ASSNB240383763180,TS01S3,NG,"Ng,  Flank_unclean,  Ng,  Heat treatment dent",ROLLING04
2024-02-07,13:39:38,P169143400ASSNB240383763600,TS01S3,OK,"",ROLLING04
2024-02-07,13:40:36,P169143400ASSNB240363750360,TS01S3,OK,"",ROLLING04
2024-02-07,13:41:20,P169143400ASSNB240383762720,TS01S3,OK,"",ROLLING04
2024-02-07,13:42:04,P169143400ASSNB240383763550,TS01S3,OK,"",ROLLING04
2024-02-07,13:43:05,P169143400ASSNB240383762960,TS01S3,NG,"Ng,  Heat treatment dent,  Ng,  Handling dent",ROLLING04
2024-02-07,13:44:23,P169143400ASSNB240383761870,TS01S3,NG,"Ng,  Flank_unclean,  ",ROLLING04
2024-02-07,13:46:16,P169143400ASSNB240363749680,TS01S3,NG,"Ng,  Heat treatment dent",ROLLING04
2024-02-07,13:47:04,P169143400ASSNB240383763300,TS01S3,NG,"Ng,  Flank_unclean,  Ng",ROLLING04
2024-02-07,13:48:20,P169143400ASSNB240383763200,TS01S3,OK,"",ROLLING04
2024-02-07,14:00:26,P169143400ASSNB240383762490,TS01S3,OK,"",ROLLING04
2024-02-07,14:14:28,P169143400ASSNB240383763730,TS01S3,OK,"",ROLLING04
2024-02-07,14:16:58,P169143400ASSNB240383763140,TS01S3,NG,"Ng,  Heat treatment dent,  Ng,  step grinding",ROLLING04
2024-02-07,14:17:49,P169143400ASSNB240383763570,TS01S3,OK,"",ROLLING04
2024-02-07,14:18:32,P169143400ASSNB240383763670,TS01S3,OK,"",ROLLING04
2024-02-07,14:19:16,P169143400ASSNB240383762730,TS01S3,OK,"",ROLLING04
2024-02-07,14:20:08,P169143400ASSNB240383762770,TS01S3,OK,"",ROLLING04
2024-02-07,14:20:53,P169143400ASSNB240383763240,TS01S3,OK,"",ROLLING04
2024-02-07,14:21:36,P169143400ASSNB240383763700,TS01S3,NG,"Ng,  Handling dent,  Ng,  Heat treatment dent,  ",ROLLING04
2024-02-07,14:22:22,P169143400ASSNB240383763620,TS01S3,NG,"Ng,  Handling dent,  Ng",ROLLING04
2024-02-07,14:23:29,P169143400ASSNB240383762520,TS01S3,NG,"Ng,  Heat treatment dent,  ",ROLLING04
2024-02-07,14:24:29,P169143400ASSNB240383763580,TS01S3,OK,"",ROLLING04
2024-02-07,14:25:25,P169143400ASSNB240383763460,TS01S3,OK,"",ROLLING04
2024-02-07,14:27:35,P169143400ASSNB240383763500,TS01S3,OK,"",ROLLING04
2024-02-07,14:28:19,P169143400ASSNB240383763370,TS01S3,OK,"",ROLLING04
2024-02-07,14:29:07,P169143400ASSNB240383761910,TS01S3,OK,"",ROLLING04
2024-02-07,14:29:51,P169143400ASSNB240383762340,TS01S3,OK,"",ROLLING04
2024-02-07,14:30:54,P169143400ASSNB240383762340,TS01S3,OK,"",ROLLING04
2024-02-07,14:31:36,P169143400ASSNB240383761790,TS01S3,OK,"",ROLLING04
2024-02-07,14:32:18,P169143400ASSNB240383763530,TS01S3,OK,"",ROLLING04
2024-02-07,14:33:00,P169143400ASSNB240383763410,TS01S3,NG,"Ng,  Heat treatment dent",ROLLING04
2024-02-07,14:34:15,P169143400ASSNB240383763410,TS01S3,NG,"Ng,  Heat treatment dent,  Ng",ROLLING04
2024-02-07,14:34:58,P169143400ASSNB240383763440,TS01S3,NG,"Ng,  Handling dent,  ",ROLLING04
2024-02-07,14:35:45,P169143400ASSNB240383763290,TS01S3,OK,"",ROLLING04
2024-02-07,14:36:32,P169143400ASSNB240383763480,TS01S3,OK,"",ROLLING04
2024-02-07,14:37:37,P169143400ASSNB240383763480,TS01S3,OK,"",ROLLING04
2024-02-07,14:38:29,P169143400ASSNB240383763520,TS01S3,NG,"Ng,  Heat treatment dent,  Ng",ROLLING04
2024-02-07,14:39:17,P169143400ASSNB240383763420,TS01S3,NG,"Ng,  Heat treatment dent",ROLLING04
2024-02-07,14:40:20,P169143400ASSNB240383764440,TS01S3,OK,"",ROLLING04
2024-02-07,14:41:18,P169143400ASSNB240383762290,TS01S3,OK,"",ROLLING04
2024-02-07,14:42:20,P169143400ASSNB240383764410,TS01S3,OK,"",ROLLING04
2024-02-07,14:43:22,P169143400ASSNB240383764020,TS01S3,OK,"",ROLLING04
2024-02-07,14:44:08,P169143400ASSNB240383762840,TS01S3,OK,"",ROLLING04
2024-02-07,14:44:58,P169143400ASSNB240383763330,TS01S3,NG,"Ng,  Heat treatment dent,  Ng,  Handling dent",ROLLING04
2024-02-07,14:46:02,P169143400ASSNB240383762170,TS01S3,NG,"Ng,  Heat treatment dent",ROLLING04
2024-02-07,14:47:02,P169143400ASSNB240383764180,TS01S3,OK,"",ROLLING04
2024-02-07,14:48:33,P169143400ASSNB240383763400,TS01S3,OK,"",ROLLING04
2024-02-07,14:49:19,P169143400ASSNB240383763510,TS01S3,OK,"",ROLLING04
2024-02-07,14:50:16,P169143400ASSNB240383763070,TS01S3,OK,"",ROLLING04
2024-02-07,14:52:50,P169143400ASSNB240383763910,TS01S3,NG,"Ng,  Heat treatment dent,  ",ROLLING04
2024-02-07,14:53:44,P169143400ASSNB240383763040,TS01S3,NG,"Ng,  Handling dent",ROLLING04
2024-02-07,14:54:27,P169143400ASSNB240383763490,TS01S3,NG,"Ng,  Handling dent,  Ng,  Flank_unclean,  ",ROLLING04
2024-02-07,14:55:32,P169143400ASSNB240383763860,TS01S3,OK,"",ROLLING04
2024-02-07,14:56:25,P169143400ASSNB240383763080,TS01S3,NG,"Ng,  Flank_unclean",ROLLING04
2024-02-07,14:57:19,P169143400ASSNB240383763840,TS01S3,OK,"",ROLLING04
2024-02-07,14:58:03,P169143400ASSNB240383762990,TS01S3,OK,"",ROLLING04
2024-02-07,14:58:59,P169143400ASSNB240383763610,TS01S3,OK,"",ROLLING04
2024-02-07,14:59:57,P169143400ASSNB240383764070,TS01S3,OK,"",ROLLING04
2024-02-07,15:01:31,P169143400ASSNB240383764030,TS01S3,NG,"Ng,  Flank_unclean,  ",ROLLING04
2024-02-07,15:02:45,P169143400ASSNB240383764030,TS01S3,NG,"Ng,  Rust,  ",ROLLING04
2024-02-07,15:04:36,P169143400ASSNB240383762920,TS01S3,NG,"Ng,  Rust,  Ng,  Heat treatment dent",ROLLING04
2024-02-07,15:05:31,P169143400ASSNB240383764130,TS01S3,NG,"Ng,  Rust,  Flank_unclean,  ",ROLLING04
2024-02-07,15:06:26,P169143400ASSNB240383762560,TS01S3,OK,"",ROLLING04
2024-02-07,15:07:24,P169143400ASSNB240383762190,TS01S3,OK,"",ROLLING04
2024-02-07,15:08:26,P169143400ASSNB240383763010,TS01S3,NG,"Ng,  Heat treatment dent",ROLLING04
2024-02-07,15:09:44,P169143400ASSNB240383762890,TS01S3,OK,"",ROLLING04
2024-02-07,15:10:56,P169143400ASSNB240383763780,TS01S3,OK,"",ROLLING04
2024-02-07,15:12:03,P169143400ASSNB240383762950,TS01S3,OK,"",ROLLING04
2024-02-07,15:13:10,P169143400ASSNB240383763990,TS01S3,NG,"Ng,  Heat treatment dent,  Ng,  Handling dent",ROLLING04
2024-02-07,15:14:46,P169143400ASSNB240383764050,TS01S3,OK,"",ROLLING04
2024-02-07,15:15:53,P169143400ASSNB240353741160,TS01S3,OK,"",ROLLING04
2024-02-07,15:16:53,P169143400ASSNB240383763930,TS01S3,NG,"Ng,  Heat treatment dent",ROLLING04
2024-02-07,15:17:54,P169143400ASSNB240383762930,TS01S3,NG,"Ng,  Handling dent,  Ng,  Flank_unclean",ROLLING04
2024-02-07,15:18:57,P169143400ASSNB240383761880,TS01S3,NG,"Ng,  Heat treatment dent,  Ng,  Handling dent",ROLLING04
2024-02-07,15:21:02,P169143400ASSNB240383762900,TS01S3,NG,"Ng,  Rust,  ",ROLLING04
2024-02-07,15:21:51,P169143400ASSNB240383761770,TS01S3,NG,"Ng,  Rust,  Ng,  Handling dent",ROLLING04
2024-02-07,15:22:59,P169143400ASSNB240383762690,TS01S3,NG,"Ng,  Heat treatment dent",ROLLING04
2024-02-07,15:40:28,P169143400ASSNB240383762970,TS01S3,OK,"",ROLLING04
2024-02-07,15:41:10,P169143400ASSNB240383763030,TS01S3,NG,"Ng,  Heat treatment dent,  Ng",ROLLING04
2024-02-07,15:42:00,P169143400ASSNB240383762850,TS01S3,NG,"Ng,  Heat treatment dent,  Ng",ROLLING04
2024-02-07,15:43:45,P169143400ASSNB240383762850,TS01S3,NG,"Ng,  Heat treatment dent,  Ng",ROLLING04
2024-02-07,15:44:38,P169143400ASSNB240383762980,TS01S3,OK,"",ROLLING04
2024-02-07,15:45:42,P169143400ASSNB240383763270,TS01S3,OK,"",ROLLING04
2024-02-07,15:46:36,P169143400ASSNB240383763050,TS01S3,OK,"",ROLLING04
2024-02-07,15:48:59,P169143400ASSNB240383763150,TS01S3,NG,"Ng,  Heat treatment dent,  Ng",ROLLING04
2024-02-07,15:50:43,P169143400ASSNB240383765300,TS01S3,OK,"",ROLLING04
2024-02-07,15:52:07,P169143400ASSNB240383763470,TS01S3,OK,"",ROLLING04
2024-02-07,15:52:48,P169143400ASSNB240383762390,TS01S3,OK,"",ROLLING04
2024-02-07,15:53:47,P169143400ASSNB240383765200,TS01S3,NG,"Ng,  Heat treatment dent,  Ng",ROLLING04
2024-02-07,15:54:42,P169143400ASSNB240383765290,TS01S3,OK,"",ROLLING04
2024-02-07,15:55:37,P169143400ASSNB240383765260,TS01S3,OK,"",ROLLING04
2024-02-07,15:57:15,P169143400ASSNB240383765110,TS01S3,OK,"",ROLLING04
2024-02-07,15:58:38,P169143400ASSNB240383765240,TS01S3,OK,"",ROLLING04
2024-02-07,15:59:42,P169143400ASSNB240383765120,TS01S3,OK,"",ROLLING04
2024-02-07,16:00:43,P169143400ASSNB240383765190,TS01S3,NG,"Ng,  Handling dent,  ",ROLLING04
2024-02-07,16:01:44,P169143400ASSNB240383765310,TS01S3,NG,"Ng,  Heat treatment dent,  ",ROLLING04
2024-02-07,16:02:49,P169143400ASSNB240383765230,TS01S3,NG,"Ng,  Heat treatment dent,  Ng,  ",ROLLING04
2024-02-07,16:03:50,P169143400ASSNB240383765280,TS01S3,NG,"Ng,  Heat treatment dent,  Ng",ROLLING04
2024-02-07,16:10:36,P169143400ASSNB240383764360,TS01S3,OK,"",ROLLING04
2024-02-07,16:31:42,P169143400ASSNB240383764300,TS01S3,NG,"Ng,  Heat treatment dent",ROLLING04
2024-02-07,16:32:42,P169143400ASSNB240383764310,TS01S3,OK,"",ROLLING04
2024-02-07,16:33:44,P169143400ASSNB240383764230,TS01S3,OK,"",ROLLING04
2024-02-07,16:34:43,P169143400ASSNB240383764110,TS01S3,NG,"Ng,  Heat treatment dent,  Ng",ROLLING04
2024-02-07,16:35:44,P169143400ASSNB240383764320,TS01S3,NG,"Ng,  Heat treatment dent",ROLLING04
2024-02-07,16:36:53,P169143400ASSNB240383764190,TS01S3,OK,"",ROLLING04
2024-02-07,16:37:46,P169143400ASSNB240383764250,TS01S3,OK,"",ROLLING04
2024-02-07,16:38:49,P169143400ASSNB240383763100,TS01S3,OK,"",ROLLING04
2024-02-07,16:39:47,P169143400ASSNB240383765270,TS01S3,OK,"",ROLLING04
2024-02-07,16:40:49,P169143400ASSNB240383764210,TS01S3,OK,"",ROLLING04
2024-02-07,16:42:07,P169143400ASSNB240383764220,TS01S3,OK,"",ROLLING04
2024-02-07,16:43:06,P169143400ASSNB240383764280,TS01S3,OK,"",ROLLING04
2024-02-07,16:44:03,P169143400ASSNB240383763790,TS01S3,OK,"",ROLLING04
2024-02-07,16:44:45,P169143400ASSNB240383762590,TS01S3,NG,"Ng,  Heat treatment dent,  Ng",ROLLING04
2024-02-07,16:45:42,P169143400ASSNB240383764340,TS01S3,NG,"Ng,  Heat treatment dent,  ",ROLLING04
2024-02-07,16:46:37,P169143400ASSNB240383764370,TS01S3,OK,"",ROLLING04
2024-02-07,16:47:20,P169143400ASSNB240383761830,TS01S3,OK,"",ROLLING04
2024-02-07,16:48:22,P169143400ASSNB240383764100,TS01S3,NG,"Ng,  Handling dent,  Ng,  Heat treatment dent",ROLLING04
2024-02-07,16:49:19,P169143400ASSNB240383764240,TS01S3,NG,"Ng,  Heat treatment dent",ROLLING04
2024-02-07,16:50:18,P169143400ASSNB240383764080,TS01S3,NG,"Ng,  Heat treatment dent,  Ng",ROLLING04
2024-02-07,16:51:01,P169143400ASSNB240383764010,TS01S3,OK,"",ROLLING04
2024-02-07,16:51:58,P169143400ASSNB240383764330,TS01S3,OK,"",ROLLING04
2024-02-07,16:53:05,P169143400ASSNB240383763060,TS01S3,OK,"",ROLLING04
2024-02-07,16:53:50,P169143400ASSNB240383764800,TS01S3,OK,"",ROLLING04
2024-02-07,16:54:38,P169143400ASSNB240383764700,TS01S3,OK,"",ROLLING04
2024-02-07,16:59:29,P169143400ASSNB240383764710,TS01S3,OK,"",ROLLING04
2024-02-07,17:00:23,P169143400ASSNB240383764260,TS01S3,NG,"Ng,  Handling dent,  ",ROLLING04
2024-02-07,17:01:05,P169143400ASSNB240383764740,TS01S3,NG,"Ng,  Handling dent,  Ng,  Heat treatment dent",ROLLING04
2024-02-07,17:02:53,P169143400ASSNB240383764630,TS01S3,OK,"",ROLLING04
2024-02-07,17:03:37,P169143400ASSNB240383764580,TS01S3,OK,"",ROLLING04
2024-02-07,17:04:42,P169143400ASSNB240383764270,TS01S3,OK,"",ROLLING04
2024-02-07,17:05:49,P169143400ASSNB240383764840,TS01S3,NG,"Ng,  Heat treatment dent",ROLLING04
2024-02-07,17:06:33,P169143400ASSNB240383764470,TS01S3,OK,"",ROLLING04
2024-02-07,17:07:16,P169143400ASSNB240383764680,TS01S3,NG,"Ng,  Heat treatment dent",ROLLING04
2024-02-07,17:07:58,P169143400ASSNB240383764640,TS01S3,NG,"Ng,  Handling dent,  Ng,  Heat treatment dent",ROLLING04
2024-02-07,17:08:42,P169143400ASSNB240383764670,TS01S3,OK,"",ROLLING04
2024-02-07,17:09:27,P169143400ASSNB240383764560,TS01S3,NG,"Ng,  Handling dent",ROLLING04
2024-02-07,17:10:11,P169143400ASSNB240383764660,TS01S3,OK,"",ROLLING04
2024-02-07,17:10:51,P169143400ASSNB240383764690,TS01S3,OK,"",ROLLING04
2024-02-07,17:18:04,P169143400ASSNB240383764780,TS01S3,OK,"",ROLLING04
2024-02-07,17:18:47,P169143400ASSNB240383764530,TS01S3,NG,"Ng,  Rust,  ",ROLLING04
2024-02-07,17:19:30,P169143400ASSNB240383764790,TS01S3,NG,"Ng,  Handling dent",ROLLING04
2024-02-07,17:20:13,P169143400ASSNB240383761960,TS01S3,NG,"Ng,  Handling dent,  ",ROLLING04
2024-02-07,17:20:56,P169143400ASSNB240383764820,TS01S3,OK,"",ROLLING04
2024-02-07,17:21:54,P169143400ASSNB240383764060,TS01S3,NG,"Ng,  Handling dent,  Ng,  Heat treatment dent",ROLLING04
2024-02-07,17:22:45,P169143400ASSNB240383764810,TS01S3,OK,"",ROLLING04
2024-02-07,17:25:36,P169143400ASSNB240383763690,TS01S3,NG,"Ng,  Handling dent,  Ng",ROLLING04
2024-02-07,17:27:40,P169143400ASSNB240383764450,TS01S3,OK,"",ROLLING04
2024-02-07,17:50:58,P169143400ASSNB240383762760,TS01S3,OK,"",ROLLING04
2024-02-07,17:52:18,P169143400ASSNB240383764520,TS01S3,NG,"Ng,  Heat treatment dent,  ",ROLLING04
2024-02-07,17:53:32,P169143400ASSNB240383764290,TS01S3,NG,"Ng,  Handling dent,  Ng",ROLLING04
2024-02-07,17:54:24,P169143400ASSNB240383763850,TS01S3,OK,"",ROLLING04
2024-02-07,17:55:04,P169143400ASSNB240383764940,TS01S3,OK,"",ROLLING04
2024-02-07,17:55:46,P169143400ASSNB240383765170,TS01S3,NG,"Ng,  Flank_unclean,  Ng,  Heat treatment dent",ROLLING04
2024-02-07,17:56:26,P169143400ASSNB240383764170,TS01S3,NG,"Ng,  Handling dent,  Ng",ROLLING04
2024-02-07,17:57:06,P169143400ASSNB240383763950,TS01S3,NG,"Ng,  Flank_unclean,  Ng,  Heat treatment dent,  Handling dent",ROLLING04
2024-02-07,17:57:46,P169143400ASSNB240383762260,TS01S3,OK,"",ROLLING04
2024-02-07,17:58:27,P169143400ASSNB240383764610,TS01S3,NG,"Ng,  Rust,  ",ROLLING04
2024-02-07,17:59:08,P169143400ASSNB240383764500,TS01S3,NG,"Ng,  Heat treatment dent,  Ng",ROLLING04
2024-02-07,17:59:50,P169143400ASSNB240383764200,TS01S3,OK,"",ROLLING04
2024-02-07,18:00:30,P169143400ASSNB240383764120,TS01S3,OK,"",ROLLING04
2024-02-07,18:01:09,P169143400ASSNB240383763710,TS01S3,OK,"",ROLLING04
2024-02-07,18:01:49,P169143400ASSNB240383764150,TS01S3,OK,"",ROLLING04
2024-02-07,18:03:55,P169143400ASSNB240383763800,TS01S3,OK,"",ROLLING04
2024-02-07,18:04:35,P169143400ASSNB240383765020,TS01S3,OK,"",ROLLING04
2024-02-07,18:05:15,P169143400ASSNB240383764880,TS01S3,NG,"Ng,  Heat treatment dent,  Ng",ROLLING04
2024-02-07,18:05:56,P169143400ASSNB240383764890,TS01S3,OK,"",ROLLING04
2024-02-07,18:06:37,P169143400ASSNB240383765140,TS01S3,OK,"",ROLLING04
2024-02-07,18:07:18,P169143400ASSNB240383765010,TS01S3,NG,"Ng,  Handling dent,  ",ROLLING04
2024-02-07,18:08:11,P169143400ASSNB240383764160,TS01S3,NG,"Ng,  Heat treatment dent,  Ng",ROLLING04
2024-02-07,18:09:14,P169143400ASSNB240383765070,TS01S3,NG,"Ng,  Handling dent,  Ng",ROLLING04
2024-02-07,18:09:54,P169143400ASSNB240383763640,TS01S3,OK,"",ROLLING04
2024-02-07,18:10:34,P169143400ASSNB240383765090,TS01S3,OK,"",ROLLING04
2024-02-07,18:11:19,P169143400ASSNB240383762230,TS01S3,NG,"Ng,  Heat treatment dent",ROLLING04
2024-02-07,18:12:07,P169143400ASSNB240383765130,TS01S3,NG,"Ng,  Handling dent,  Ng,  Heat treatment dent",ROLLING04
2024-02-07,20:40:47,P169143400ASSNB240383765160,TS01S3,OK,"",ROLLING04
2024-02-07,18:14:34,P169143400ASSNB240293686430,TS01S3,NG,"Ng,  Heat treatment dent,  Ng",ROLLING04
2024-02-07,18:15:14,P169143400ASSNB240383763650,TS01S3,OK,"",ROLLING04
2024-02-07,18:16:10,P169143400ASSNB240383763980,TS01S3,OK,"",ROLLING04
2024-02-07,18:16:49,P169143400ASSNB240383763830,TS01S3,NG,"Ng,  Heat treatment dent,  Ng,  Handling dent",ROLLING04
2024-02-07,18:17:29,P169143400ASSNB240383763810,TS01S3,NG,"Ng,  Handling dent,  Ng",ROLLING04
2024-02-07,18:18:10,P169143400ASSNB240383764000,TS01S3,NG,"Ng,  Heat treatment dent,  Ng",ROLLING04
2024-02-07,18:18:51,P169143400ASSNB240383763960,TS01S3,OK,"",ROLLING04
2024-02-07,18:19:41,P169143400ASSNB240383763920,TS01S3,OK,"",ROLLING04
2024-02-07,18:20:23,P169143400ASSNB240353740490,TS01S3,NG,"Ng,  Heat treatment dent",ROLLING04
2024-02-07,18:21:45,P169143400ASSNB240383763220,TS01S3,NG,"Ng,  Heat treatment dent",ROLLING04
2024-02-07,18:22:31,P169143400ASSNB240383763880,TS01S3,OK,"",ROLLING04
2024-02-07,18:23:16,P169143400ASSNB240383763740,TS01S3,OK,"",ROLLING04
2024-02-07,18:27:17,P169143400ASSNB240383764040,TS01S3,OK,"",ROLLING04
2024-02-07,18:29:21,P169143400ASSNB240383763680,TS01S3,NG,"Ng,  Heat treatment dent,  Ng",ROLLING04
2024-02-07,18:30:25,P169143400ASSNB240383763020,TS01S3,OK,"",ROLLING04
2024-02-07,18:31:19,P169143400ASSNB240383764540,TS01S3,NG,"Ng,  Heat treatment dent,  ",ROLLING04
2024-02-07,18:32:09,P169143400ASSNB240383763870,TS01S3,NG,"Ng,  Heat treatment dent,  Ng,  Handling dent",ROLLING04
2024-02-07,18:33:08,P169143400ASSNB240383762750,TS01S3,OK,"",ROLLING04
2024-02-07,18:34:06,P169143400ASSNB240383763940,TS01S3,OK,"",ROLLING04
2024-02-07,18:34:54,P169143400ASSNB240383762150,TS01S3,OK,"",ROLLING04
2024-02-07,18:35:37,P169143400ASSNB240383763900,TS01S3,NG,"Ng,  Handling dent",ROLLING04
2024-02-07,19:12:44,P169143400ASSNB240383766190,TS01S3,NG,"Ng,  Rust,  ",ROLLING04
2024-02-07,19:13:34,P169143400ASSNB240383765840,TS01S3,NG,"Ng,  Heat treatment dent,  Ng",ROLLING04
2024-02-07,19:14:43,P169143400ASSNB240383765940,TS01S3,NG,"Ng,  Heat treatment dent,  Ng",ROLLING04
2024-02-07,19:15:25,P169143400ASSNB240383766140,TS01S3,NG,"Ng,  Rust,  Ng,  Heat treatment dent",ROLLING04
2024-02-07,19:16:24,P169143400ASSNB240383766230,TS01S3,OK,"",ROLLING04
2024-02-07,19:17:06,P169143400ASSNB240383765520,TS01S3,NG,"Ng,  Handling dent",ROLLING04
2024-02-07,19:17:48,P169143400ASSNB240383764420,TS01S3,NG,"Ng,  Heat treatment dent,  Ng",ROLLING04
2024-02-07,19:18:32,P169143400ASSNB240383766210,TS01S3,OK,"",ROLLING04
2024-02-07,19:19:15,P169143400ASSNB240383766180,TS01S3,NG,"Ng,  Handling dent,  Ng",ROLLING04
2024-02-07,19:20:12,P169143400ASSNB240383765890,TS01S3,NG,"Ng,  Heat treatment dent",ROLLING04
2024-02-07,19:21:15,P169143400ASSNB240383762210,TS01S3,NG,"Ng,  Heat treatment dent,  ",ROLLING04
2024-02-07,19:22:55,P169143400ASSNB240383765640,TS01S3,OK,"",ROLLING04
2024-02-07,20:06:10,P169143400ASSNB240383765810,TS01S3,OK,"",ROLLING04
2024-02-07,20:06:59,P169143400ASSNB240383766240,TS01S3,OK,"",ROLLING04
2024-02-07,20:07:48,P169143400ASSNB240383765920,TS01S3,NG,"Ng,  Heat treatment dent,  Ng",ROLLING04
2024-02-07,20:08:43,P169143400ASSNB240383763540,TS01S3,OK,"",ROLLING04
2024-02-07,20:09:44,P169143400ASSNB240383764960,TS01S3,OK,"",ROLLING04
2024-02-07,20:10:43,P169143400ASSNB240383763130,TS01S3,OK,"",ROLLING04
2024-02-07,20:11:42,P169143400ASSNB240383765370,TS01S3,OK,"",ROLLING04
2024-02-07,20:12:43,P169143400ASSNB240383765150,TS01S3,NG,"Ng,  Heat treatment dent,  ",ROLLING04
2024-02-07,20:14:35,P169143400ASSNB240383766150,TS01S3,OK,"",ROLLING04
2024-02-07,20:15:34,P169143400ASSNB240383765210,TS01S3,OK,"",ROLLING04
2024-02-07,20:16:30,P169143400ASSNB240383765180,TS01S3,OK,"",ROLLING04
2024-02-07,20:17:22,P169143400ASSNB240383765390,TS01S3,NG,"Ng,  Heat treatment dent,  ",ROLLING04
2024-02-07,20:18:10,P169143400ASSNB240383765220,TS01S3,NG,"Ng,  Heat treatment dent,  ",ROLLING04
2024-02-07,20:18:51,P169143400ASSNB240383765040,TS01S3,OK,"",ROLLING04
2024-02-07,20:19:32,P169143400ASSNB240383765400,TS01S3,NG,"Ng,  Handling dent",ROLLING04
2024-02-07,20:20:21,P169143400ASSNB240383765350,TS01S3,OK,"",ROLLING04
2024-02-07,20:21:18,P169143400ASSNB240383765380,TS01S3,OK,"",ROLLING04
2024-02-07,20:22:09,P169143400ASSNB240383765080,TS01S3,OK,"",ROLLING04
2024-02-07,20:22:53,P169143400ASSNB240383765340,TS01S3,OK,"",ROLLING04
2024-02-07,20:23:36,P169143400ASSNB240383765420,TS01S3,NG,"Ng,  Heat treatment dent",ROLLING04
2024-02-07,20:25:24,P169143400ASSNB240383765450,TS01S3,NG,"Ng,  Rust,  Ng,  Heat treatment dent,  ",ROLLING04
2024-02-07,20:26:08,P169143400ASSNB240383765470,TS01S3,NG,"Ng,  Heat treatment dent,  Ng",ROLLING04
2024-02-07,20:26:50,P169143400ASSNB240383765460,TS01S3,NG,"Ng,  Heat treatment dent,  Ng,  Handling dent",ROLLING04
2024-02-07,20:27:33,P169143400ASSNB240293686430,TS01S3,NG,"Ng,  Handling dent,  Ng,  Heat treatment dent",ROLLING04
2024-02-07,20:28:35,P169143400ASSNB240383765480,TS01S3,OK,"",ROLLING04
2024-02-07,20:29:23,P169143400ASSNB240383765440,TS01S3,NG,"Ng,  Rust,  Ng,  Heat treatment dent",ROLLING04
2024-02-07,20:30:21,P169143400ASSNB240383765330,TS01S3,NG,"Ng,  Heat treatment dent,  Ng",ROLLING04
2024-02-07,20:31:08,P169143400ASSNB240383765410,TS01S3,NG,"Ng,  Heat treatment dent,  Ng",ROLLING04
2024-02-07,20:31:53,P169143400ASSNB240383766400,TS01S3,NG,"Ng,  Heat treatment dent,  ",ROLLING04
2024-02-07,20:32:40,P169143400ASSNB240383766080,TS01S3,NG,"Ng,  Heat treatment dent",ROLLING04
2024-02-07,20:33:43,P169143400ASSNB240383765590,TS01S3,OK,"",ROLLING04
2024-02-07,20:34:27,P169143400ASSNB240383766420,TS01S3,OK,"",ROLLING04
2024-02-07,20:36:16,P169143400ASSNB240383766090,TS01S3,NG,"Ng,  Flank_unclean,  Ng,  Heat treatment dent",ROLLING04
2024-02-07,20:36:58,P169143400ASSNB240383762360,TS01S3,NG,"Ng,  Heat treatment dent",ROLLING04
2024-02-07,20:37:43,P169143400ASSNB240383766340,TS01S3,NG,"Ng,  Heat treatment dent",ROLLING04
2024-02-07,20:38:27,P169143400ASSNB240383766110,TS01S3,NG,"Ng,  Rust,  Ng,  Heat treatment dent",ROLLING04
2024-02-07,20:39:13,P169143400ASSNB240383764990,TS01S3,NG,"Ng,  Heat treatment dent,  ",ROLLING04
2024-02-07,20:40:01,P169143400ASSNB240383766070,TS01S3,OK,"",ROLLING04
2024-02-07,20:41:43,P169143400ASSNB240383766010,TS01S3,NG,"Ng,  Rust,  ",ROLLING04
2024-02-07,20:42:30,P169143400ASSNB240383765320,TS01S3,OK,"",ROLLING04
2024-02-07,20:43:17,P169143400ASSNB240383766380,TS01S3,OK,"",ROLLING04
2024-02-07,20:44:05,P169143400ASSNB240383766170,TS01S3,OK,"",ROLLING04
2024-02-07,20:44:47,P169143400ASSNB240383765990,TS01S3,NG,"Ng,  Heat treatment dent,  Ng",ROLLING04
2024-02-07,20:46:39,P169143400ASSNB240383765960,TS01S3,NG,"Ng,  Handling dent",ROLLING04
2024-02-07,20:47:26,P169143400ASSNB240383765740,TS01S3,NG,"Ng,  Heat treatment dent,  Ng,  ",ROLLING04
2024-02-07,20:48:07,P169143400ASSNB240353743610,TS01S3,OK,"",ROLLING04
2024-02-07,20:53:26,P169143400ASSNB240383765910,TS01S3,OK,"",ROLLING04
2024-02-07,20:54:10,P169143400ASSNB240383763280,TS01S3,OK,"",ROLLING04
2024-02-07,20:55:00,P169143400ASSNB240383765030,TS01S3,NG,"Ng,  Heat treatment dent,  Ng",ROLLING04
2024-02-07,20:55:49,P169143400ASSNB240383764920,TS01S3,OK,"",ROLLING04
2024-02-07,20:56:31,P169143400ASSNB240383764970,TS01S3,NG,"Ng,  Handling dent,  ",ROLLING04
2024-02-07,20:57:14,P169143400ASSNB240383765250,TS01S3,NG,"Ng,  Heat treatment dent,  Ng",ROLLING04
2024-02-07,20:57:56,P169143400ASSNB240383765530,TS01S3,OK,"",ROLLING04
2024-02-07,20:58:38,P169143400ASSNB240383765510,TS01S3,NG,"Ng,  Heat treatment dent",ROLLING04
2024-02-07,20:59:32,P169143400ASSNB240383763430,TS01S3,NG,"Ng,  Rust,  Ng",ROLLING04
2024-02-07,21:00:22,P169143400ASSNB240383765560,TS01S3,NG,"Ng,  Heat treatment dent,  Ng",ROLLING04
2024-02-07,21:01:04,P169143400ASSNB240383765550,TS01S3,OK,"",ROLLING04
2024-02-07,21:01:47,P169143400ASSNB240383765540,TS01S3,NG,"Ng,  Handling dent,  Ng,  ",ROLLING04
2024-02-07,21:02:28,P169143400ASSNB240383765000,TS01S3,OK,"",ROLLING04
2024-02-07,21:03:11,P169143400ASSNB240383765050,TS01S3,OK,"",ROLLING04
2024-02-07,21:03:53,P169143400ASSNB240383765500,TS01S3,OK,"",ROLLING04
2024-02-07,21:04:38,P169143400ASSNB240383763750,TS01S3,OK,"",ROLLING04
2024-02-07,21:05:21,P169143400ASSNB240383764870,TS01S3,NG,"Ng,  Heat treatment dent",ROLLING04
2024-02-07,21:06:06,P169143400ASSNB240383762280,TS01S3,NG,"Ng,  Handling dent,  ",ROLLING04
2024-02-07,21:06:47,P169143400ASSNB240383765430,TS01S3,OK,"",ROLLING04
2024-02-07,21:07:31,P169143400ASSNB240273664960,TS01S3,NG,"Ng,  Flank_unclean,  Ng,  Heat treatment dent,  Handling dent",ROLLING04
2024-02-07,21:08:16,P169143400ASSNB240383763590,TS01S3,NG,"Ng,  Rust,  Ng,  Heat treatment dent,  Handling dent",ROLLING04
2024-02-07,21:09:47,P169143400ASSNB240383767210,TS01S3,NG,"Ng,  Heat treatment dent,  Ng",ROLLING04
2024-02-07,21:13:09,P169143400ASSNB240383767340,TS01S3,OK,"",ROLLING04
2024-02-07,21:13:50,P169143400ASSNB240383765060,TS01S3,OK,"",ROLLING04
2024-02-07,21:14:30,P169143400ASSNB240383767310,TS01S3,OK,"",ROLLING04
2024-02-07,21:15:11,P169143400ASSNB240383767230,TS01S3,OK,"",ROLLING04
2024-02-07,21:15:50,P169143400ASSNB240383767110,TS01S3,OK,"",ROLLING04
2024-02-07,21:16:31,P169143400ASSNB240383767330,TS01S3,OK,"",ROLLING04
2024-02-07,21:17:11,P169143400ASSNB240383766280,TS01S3,NG,"Ng,  Heat treatment dent,  Ng",ROLLING04
2024-02-07,21:17:53,P169143400ASSNB240383767300,TS01S3,OK,"",ROLLING04
2024-02-07,21:18:35,P169143400ASSNB240383764090,TS01S3,NG,"Ng,  Heat treatment dent",ROLLING04
2024-02-07,21:20:22,P169143400ASSNB240383766510,TS01S3,NG,"Ng,  Rust,  ",ROLLING04
2024-02-07,21:21:11,P169143400ASSNB240383765830,TS01S3,NG,"Ng,  Heat treatment dent,  Ng",ROLLING04
2024-02-07,21:22:01,P169143400ASSNB240383767030,TS01S3,OK,"",ROLLING04
2024-02-07,21:22:41,P169143400ASSNB240383766760,TS01S3,OK,"",ROLLING04
2024-02-07,21:23:41,P169143400ASSNB240383766630,TS01S3,OK,"",ROLLING04
2024-02-07,21:24:23,P169143400ASSNB240383766360,TS01S3,NG,"Ng,  Heat treatment dent,  Ng",ROLLING04
2024-02-07,21:25:04,P169143400ASSNB240383766330,TS01S3,NG,"Ng,  Rust,  ",ROLLING04
2024-02-07,21:25:44,P169143400ASSNB240383766550,TS01S3,NG,"Ng,  Heat treatment dent,  Ng",ROLLING04
2024-02-07,21:26:28,P169143400ASSNB240383766130,TS01S3,NG,"Ng,  Heat treatment dent",ROLLING04
2024-02-07,21:27:12,P169143400ASSNB240383766910,TS01S3,NG,"Ng,  Flank_unclean,  Ng,  Handling dent",ROLLING04
2024-02-07,21:27:53,P169143400ASSNB240383765850,TS01S3,OK,"",ROLLING04
2024-02-07,21:28:40,P169143400ASSNB240383767000,TS01S3,NG,"Ng,  Heat treatment dent",ROLLING04
2024-02-07,21:29:57,P169143400ASSNB240383766520,TS01S3,OK,"",ROLLING04
2024-02-07,21:30:41,P169143400ASSNB240383766860,TS01S3,OK,"",ROLLING04
2024-02-07,21:31:22,P169143400ASSNB240383767020,TS01S3,NG,"Ng,  Handling dent,  ",ROLLING04
2024-02-07,21:32:09,P169143400ASSNB240383767100,TS01S3,NG,"Ng,  Heat treatment dent,  Ng",ROLLING04
2024-02-07,21:32:52,P169143400ASSNB240383767400,TS01S3,NG,"Ng,  Heat treatment dent,  Ng",ROLLING04
2024-02-07,21:33:34,P169143400ASSNB240383766460,TS01S3,OK,"",ROLLING04
2024-02-07,21:34:20,P169143400ASSNB240383766990,TS01S3,NG,"Ng,  Heat treatment dent,  Ng,  Handling dent",ROLLING04
2024-02-07,21:35:04,P169143400ASSNB240383767380,TS01S3,OK,"",ROLLING04
2024-02-07,21:35:47,P169143400ASSNB240383767050,TS01S3,OK,"",ROLLING04
2024-02-07,21:36:32,P169143400ASSNB240383766900,TS01S3,OK,"",ROLLING04
2024-02-07,21:37:16,P169143400ASSNB240383766470,TS01S3,OK,"",ROLLING04
2024-02-07,21:37:57,P169143400ASSNB240383766950,TS01S3,OK,"",ROLLING04
2024-02-07,21:39:35,P169143400ASSNB240383766980,TS01S3,NG,"Ng,  Rust,  Ng,  Flank_unclean",ROLLING04
2024-02-07,21:40:16,P169143400ASSNB240383767350,TS01S3,NG,"Ng,  Handling dent",ROLLING04
2024-02-07,21:40:56,P169143400ASSNB240383766940,TS01S3,NG,"Ng,  Heat treatment dent,  Ng",ROLLING04
2024-02-07,21:41:34,P169143400ASSNB240383766920,TS01S3,OK,"",ROLLING04
2024-02-07,21:42:11,P169143400ASSNB240383767320,TS01S3,NG,"Ng,  Heat treatment dent",ROLLING04
2024-02-07,21:42:50,P169143400ASSNB240383767530,TS01S3,NG,"Ng,  Handling dent,  ",ROLLING04
2024-02-07,21:43:28,P169143400ASSNB240383767420,TS01S3,OK,"",ROLLING04
2024-02-07,21:44:06,P169143400ASSNB240383767480,TS01S3,OK,"",ROLLING04
2024-02-07,21:44:42,P169143400ASSNB240383767090,TS01S3,NG,"Ng,  Heat treatment dent,  Ng",ROLLING04
2024-02-07,21:45:29,P169143400ASSNB240383766850,TS01S3,OK,"",ROLLING04
2024-02-07,21:46:42,P169143400ASSNB240383766790,TS01S3,NG,"Ng,  Handling dent,  ",ROLLING04
2024-02-07,21:47:19,P169143400ASSNB240383766780,TS01S3,NG,"Ng,  Heat treatment dent",ROLLING04
2024-02-07,21:48:09,P169143400ASSNB240383764620,TS01S3,OK,"",ROLLING04
2024-02-07,21:49:17,P169143400ASSNB240383764590,TS01S3,OK,"",ROLLING04
2024-02-07,21:49:58,P169143400ASSNB240383765860,TS01S3,OK,"",ROLLING04
2024-02-07,21:50:41,P169143400ASSNB240383764950,TS01S3,NG,"Ng,  Heat treatment dent,  Ng",ROLLING04
2024-02-07,21:51:40,P169143400ASSNB240383766440,TS01S3,OK,"",ROLLING04
2024-02-07,21:52:34,P169143400ASSNB240383766670,TS01S3,OK,"",ROLLING04
2024-02-07,21:53:28,P169143400ASSNB240383764650,TS01S3,OK,"",ROLLING04
2024-02-07,21:54:30,P169143400ASSNB240383766430,TS01S3,OK,"",ROLLING04
2024-02-07,21:58:00,P169143400ASSNB240383766540,TS01S3,OK,"",ROLLING04
2024-02-07,22:00:25,P169143400ASSNB240383765930,TS01S3,NG,"Ng,  Heat treatment dent",ROLLING04
2024-02-07,22:01:11,P169143400ASSNB240383764400,TS01S3,NG,"Ng,  Rust,  ",ROLLING04
2024-02-07,22:01:52,P169143400ASSNB240383764860,TS01S3,NG,"Ng,  Heat treatment dent",ROLLING04
2024-02-07,22:02:36,P169143400ASSNB240313709200,TS01S3,OK,"",ROLLING04
2024-02-07,22:03:13,P169143400ASSNB240383763110,TS01S3,NG,"Ng,  Heat treatment dent,  ",ROLLING04
2024-02-07,22:04:11,P169143400ASSNB240383762550,TS01S3,OK,"",ROLLING04
2024-02-07,22:04:52,P169143400ASSNB240383764980,TS01S3,NG,"Ng,  Heat treatment dent,  Ng,  Handling dent",ROLLING04
2024-02-07,22:05:30,P169143400ASSNB240383763820,TS01S3,OK,"",ROLLING04
2024-02-07,22:06:28,P169143400ASSNB240383764490,TS01S3,NG,"Ng,  Heat treatment dent,  Ng,  Handling dent",ROLLING04
2024-02-07,22:07:19,P169143400ASSNB240383765820,TS01S3,NG,"Ng,  Handling dent,  Ng,  Heat treatment dent",ROLLING04
2024-02-07,22:08:08,P169143400ASSNB240383765900,TS01S3,OK,"",ROLLING04
2024-02-07,22:08:46,P169143400ASSNB240383765870,TS01S3,OK,"",ROLLING04
2024-02-07,22:10:28,P169143400ASSNB240383767980,TS01S3,OK,"",ROLLING04
2024-02-07,22:17:11,P169143400ASSNB240383768840,TS01S3,NG,"Ng,  Handling dent,  Ng,  Flank_unclean,  Heat treatment dent",ROLLING04
2024-02-07,22:17:53,P169143400ASSNB240383768740,TS01S3,NG,"Ng,  Handling dent,  Ng,  Heat treatment dent",ROLLING04
2024-02-07,22:18:34,P169143400ASSNB240383768750,TS01S3,NG,"Ng,  Heat treatment dent",ROLLING04
2024-02-07,22:19:13,P169143400ASSNB240383768000,TS01S3,OK,"",ROLLING04
2024-02-07,22:19:56,P169143400ASSNB240383768800,TS01S3,OK,"",ROLLING04
2024-02-07,22:20:38,P169143400ASSNB240383768280,TS01S3,OK,"",ROLLING04
2024-02-07,22:21:25,P169143400ASSNB240383767610,TS01S3,OK,"",ROLLING04
2024-02-07,22:22:15,P169143400ASSNB240383766650,TS01S3,NG,"Ng,  Rust,  ",ROLLING04
2024-02-07,22:22:55,P169143400ASSNB240383766450,TS01S3,NG,"Ng,  Heat treatment dent",ROLLING04
2024-02-07,22:23:37,P169143400ASSNB240383768820,TS01S3,NG,"Ng,  Handling dent,  ",ROLLING04
2024-02-07,22:24:23,P169143400ASSNB240383768670,TS01S3,OK,"",ROLLING04
2024-02-07,22:25:37,P169143400ASSNB240383768090,TS01S3,NG,"Ng,  Rust,  Ng,  Heat treatment dent",ROLLING04
2024-02-07,22:26:17,P169143400ASSNB240383767990,TS01S3,NG,"Ng,  Heat treatment dent,  Ng,  Rust",ROLLING04
2024-02-07,22:27:00,P169143400ASSNB240383768540,TS01S3,OK,"",ROLLING04
2024-02-07,22:28:32,P169143400ASSNB240383768540,TS01S3,OK,"",ROLLING04
2024-02-07,22:29:14,P169143400ASSNB240383767130,TS01S3,OK,"",ROLLING04
2024-02-07,22:29:58,P169143400ASSNB240383766820,TS01S3,NG,"Ng,  Heat treatment dent",ROLLING04
2024-02-07,22:30:42,P169143400ASSNB240383767500,TS01S3,OK,"",ROLLING04
2024-02-07,22:31:22,P169143400ASSNB240383768830,TS01S3,OK,"",ROLLING04
2024-02-07,22:32:05,P169143400ASSNB240383767870,TS01S3,OK,"",ROLLING04
2024-02-07,22:32:50,P169143400ASSNB240383767910,TS01S3,OK,"",ROLLING04
2024-02-07,22:34:42,P169143400ASSNB240383767790,TS01S3,OK,"",ROLLING04
2024-02-07,22:35:25,P169143400ASSNB240383768270,TS01S3,OK,"",ROLLING04
2024-02-07,22:36:11,P169143400ASSNB240383765950,TS01S3,OK,"",ROLLING04
2024-02-07,22:36:56,P169143400ASSNB240383762670,TS01S3,OK,"",ROLLING04
2024-02-07,22:37:38,P169143400ASSNB240383767950,TS01S3,NG,"Ng,  Heat treatment dent,  Ng",ROLLING04
2024-02-07,22:38:24,P169143400ASSNB240383764570,TS01S3,NG,"Ng,  Rust,  ",ROLLING04
2024-02-07,22:39:04,P169143400ASSNB240383768010,TS01S3,NG,"Ng,  Handling dent,  ",ROLLING04
2024-02-07,22:39:50,P169143400ASSNB240383767890,TS01S3,NG,"Ng,  Heat treatment dent,  Ng",ROLLING04
2024-02-07,22:40:30,P169143400ASSNB240383767960,TS01S3,NG,"Ng,  Heat treatment dent",ROLLING04
2024-02-07,22:41:10,P169143400ASSNB240383768230,TS01S3,NG,"Ng,  Rust,  ",ROLLING04
2024-02-07,22:41:52,P169143400ASSNB240383768240,TS01S3,NG,"Ng,  Handling dent,  Ng,  Heat treatment dent",ROLLING04
2024-02-07,22:42:44,P169143400ASSNB240383768110,TS01S3,NG,"Ng,  Heat treatment dent",ROLLING04
2024-02-07,22:43:25,P169143400ASSNB240383767010,TS01S3,OK,"",ROLLING04
2024-02-07,22:44:04,P169143400ASSNB240383767970,TS01S3,NG,"Ng,  Heat treatment dent,  Ng",ROLLING04
2024-02-07,22:44:53,P169143400ASSNB240383768190,TS01S3,NG,"Ng,  Handling dent,  Ng,  Heat treatment dent",ROLLING04
2024-02-07,22:45:34,P169143400ASSNB240383767810,TS01S3,NG,"Ng,  Heat treatment dent,  ",ROLLING04
2024-02-07,22:46:17,P169143400ASSNB240383767040,TS01S3,NG,"Ng,  Heat treatment dent,  Ng",ROLLING04
2024-02-07,22:47:00,P169143400ASSNB240383768120,TS01S3,NG,"Ng,  Handling dent,  Ng,  Heat treatment dent",ROLLING04
2024-02-07,22:48:31,P169143400ASSNB240383766480,TS01S3,NG,"Ng,  Heat treatment dent,  ",ROLLING04
2024-02-07,22:49:10,P169143400ASSNB240383767220,TS01S3,NG,"Ng,  Handling dent,  Ng,  Heat treatment dent",ROLLING04
2024-02-07,22:49:52,P169143400ASSNB240383767120,TS01S3,NG,"Ng,  Rust,  Flank_unclean,  Ng",ROLLING04
2024-02-07,22:50:34,P169143400ASSNB240383767370,TS01S3,NG,"Ng,  Heat treatment dent,  Ng",ROLLING04
2024-02-07,22:51:23,P169143400ASSNB240383767290,TS01S3,NG,"Ng,  Handling dent,  Ng,  Heat treatment dent",ROLLING04
2024-02-07,22:52:04,P169143400ASSNB240383761860,TS01S3,OK,"",ROLLING04
2024-02-07,22:52:44,P169143400ASSNB240383768040,TS01S3,NG,"Ng,  Handling dent,  Ng,  Heat treatment dent",ROLLING04
2024-02-07,23:59:19,P169143400ASSNB240383765580,TS01S3,NG,"Ng,  Flank_unclean",ROLLING04
2024-02-07,22:53:25,P169143400ASSNB240383765980,TS01S3,NG,"Ng,  Handling dent,  Ng,  Heat treatment dent",ROLLING04
2024-02-07,22:54:10,P169143400ASSNB240383766740,TS01S3,NG,"Ng,  Heat treatment dent",ROLLING04
2024-02-07,22:54:50,P169143400ASSNB240383767410,TS01S3,OK,"",ROLLING04
2024-02-07,22:55:32,P169143400ASSNB240383766830,TS01S3,OK,"",ROLLING04
2024-02-07,22:56:17,P169143400ASSNB240383766260,TS01S3,NG,"Ng,  Heat treatment dent,  Ng",ROLLING04
2024-02-07,22:58:12,P169143400ASSNB240383766530,TS01S3,OK,"",ROLLING04
2024-02-07,22:58:54,P169143400ASSNB240383767180,TS01S3,NG,"Ng,  Heat treatment dent",ROLLING04
2024-02-07,22:59:34,P169143400ASSNB240383767430,TS01S3,OK,"",ROLLING04
2024-02-07,23:00:37,P169143400ASSNB240383766840,TS01S3,OK,"",ROLLING04
2024-02-07,23:01:19,P169143400ASSNB240383767360,TS01S3,OK,"",ROLLING04
2024-02-07,23:01:59,P169143400ASSNB240383767170,TS01S3,OK,"",ROLLING04
2024-02-07,23:02:43,P169143400ASSNB240383765710,TS01S3,NG,"Ng,  Handling dent,  ",ROLLING04
2024-02-07,23:03:23,P169143400ASSNB240383765700,TS01S3,NG,"Ng,  Heat treatment dent,  Ng,  Handling dent",ROLLING04
2024-02-07,23:04:04,P169143400ASSNB240383765750,TS01S3,OK,"",ROLLING04
2024-02-07,23:04:52,P169143400ASSNB240383767390,TS01S3,NG,"Ng,  Handling dent",ROLLING04
2024-02-07,23:12:03,P169143400ASSNB240383767540,TS01S3,OK,"",ROLLING04
2024-02-07,23:15:47,P169143400ASSNB240383767460,TS01S3,OK,"",ROLLING04
2024-02-07,23:16:33,P169143400ASSNB240383768650,TS01S3,OK,"",ROLLING04
2024-02-07,23:17:07,P169143400ASSNB240383768340,TS01S3,OK,"",ROLLING04
2024-02-07,23:17:40,P169143400ASSNB240383767650,TS01S3,OK,"",ROLLING04
2024-02-07,23:18:17,P169143400ASSNB240383768640,TS01S3,OK,"",ROLLING04
2024-02-07,23:18:52,P169143400ASSNB240383768180,TS01S3,OK,"",ROLLING04
2024-02-07,23:19:26,P169143400ASSNB240383767560,TS01S3,OK,"",ROLLING04
2024-02-07,23:20:25,P169143400ASSNB240383767550,TS01S3,OK,"",ROLLING04
2024-02-07,23:21:04,P169143400ASSNB240383767580,TS01S3,NG,"Ng,  Handling dent,  ",ROLLING04
2024-02-07,23:21:40,P169143400ASSNB240383768470,TS01S3,NG,"Ng,  Handling dent,  ",ROLLING04
2024-02-07,23:22:27,P169143400ASSNB240383768350,TS01S3,NG,"Ng,  Heat treatment dent,  ",ROLLING04
2024-02-07,23:23:31,P169143400ASSNB240383765760,TS01S3,NG,"Ng,  Heat treatment dent,  Ng,  Handling dent",ROLLING04
2024-02-07,23:24:22,P169143400ASSNB240383766800,TS01S3,OK,"",ROLLING04
2024-02-07,23:25:00,P169143400ASSNB240383765720,TS01S3,NG,"Ng,  Rust,  Ng,  Flank_unclean,  ",ROLLING04
2024-02-07,23:25:36,P169143400ASSNB240383765780,TS01S3,NG,"Ng,  Handling dent,  Ng,  Heat treatment dent",ROLLING04
2024-02-07,23:26:17,P169143400ASSNB240383765600,TS01S3,OK,"",ROLLING04
2024-02-07,23:26:58,P169143400ASSNB240383763390,TS01S3,NG,"Ng,  Handling dent,  Ng",ROLLING04
2024-02-07,23:27:35,P169143400ASSNB240383766250,TS01S3,OK,"",ROLLING04
2024-02-07,23:28:11,P169143400ASSNB240383765770,TS01S3,OK,"",ROLLING04
2024-02-07,23:28:49,P169143400ASSNB240383764930,TS01S3,NG,"Ng,  Heat treatment dent",ROLLING04
2024-02-07,23:29:25,P169143400ASSNB240383766870,TS01S3,OK,"",ROLLING04
2024-02-07,23:30:01,P169143400ASSNB240383766020,TS01S3,NG,"Ng,  Handling dent,  ",ROLLING04
2024-02-07,23:30:38,P169143400ASSNB240383766300,TS01S3,OK,"",ROLLING04
2024-02-07,23:31:22,P169143400ASSNB240383766370,TS01S3,OK,"",ROLLING04
2024-02-07,23:31:58,P169143400ASSNB240383766220,TS01S3,OK,"",ROLLING04
2024-02-07,23:32:37,P169143400ASSNB240383765690,TS01S3,OK,"",ROLLING04
2024-02-07,23:33:28,P169143400ASSNB240383766290,TS01S3,NG,"Ng,  Heat treatment dent",ROLLING04
2024-02-07,23:34:21,P169143400ASSNB240383766640,TS01S3,OK,"",ROLLING04
2024-02-07,23:35:02,P169143400ASSNB240383765620,TS01S3,OK,"",ROLLING04
2024-02-07,23:36:22,P169143400ASSNB240383766770,TS01S3,NG,"Ng,  Rust,  ",ROLLING04
2024-02-07,23:37:02,P169143400ASSNB240383767440,TS01S3,NG,"Ng,  Heat treatment dent,  Ng",ROLLING04
2024-02-07,23:37:44,P169143400ASSNB240383767920,TS01S3,NG,"Ng,  Heat treatment dent,  ",ROLLING04
2024-02-07,23:38:25,P169143400ASSNB240383767750,TS01S3,OK,"",ROLLING04
2024-02-07,23:39:07,P169143400ASSNB240383767670,TS01S3,OK,"",ROLLING04
2024-02-07,23:39:46,P169143400ASSNB240383767450,TS01S3,OK,"",ROLLING04
2024-02-07,23:40:27,P169143400ASSNB240383766720,TS01S3,NG,"Ng,  Rust,  Ng,  Handling dent",ROLLING04
2024-02-07,23:41:04,P169143400ASSNB240383767840,TS01S3,NG,"Ng,  Handling dent,  Ng,  Heat treatment dent",ROLLING04
2024-02-07,23:41:42,P169143400ASSNB240383766570,TS01S3,OK,"",ROLLING04
2024-02-07,23:42:19,P169143400ASSNB240383767830,TS01S3,OK,"",ROLLING04
2024-02-07,23:43:22,P169143400ASSNB240383766490,TS01S3,NG,"Ng,  Heat treatment dent,  Ng",ROLLING04
2024-02-07,23:44:10,P169143400ASSNB240383767820,TS01S3,OK,"",ROLLING04
2024-02-07,23:44:47,P169143400ASSNB240383767620,TS01S3,OK,"",ROLLING04
2024-02-07,23:45:26,P169143400ASSNB240383767630,TS01S3,OK,"",ROLLING04
2024-02-07,23:46:06,P169143400ASSNB240383766560,TS01S3,OK,"",ROLLING04
2024-02-07,23:46:49,P169143400ASSNB240383767590,TS01S3,OK,"",ROLLING04
2024-02-07,23:47:27,P169143400ASSNB240383767660,TS01S3,OK,"",ROLLING04
2024-02-07,23:48:32,P169143400ASSNB240383767280,TS01S3,OK,"",ROLLING04
2024-02-07,23:49:11,P169143400ASSNB240383767510,TS01S3,OK,"",ROLLING04
2024-02-07,23:49:55,P169143400ASSNB240383767160,TS01S3,NG,"Ng,  Handling dent",ROLLING04
2024-02-07,23:50:36,P169143400ASSNB240383767710,TS01S3,OK,"",ROLLING04
2024-02-07,23:51:19,P169143400ASSNB240383768480,TS01S3,OK,"",ROLLING04
2024-02-07,23:52:03,P169143400ASSNB240383767690,TS01S3,OK,"",ROLLING04
2024-02-07,23:52:49,P169143400ASSNB240383768300,TS01S3,NG,"Ng,  Heat treatment dent,  Ng",ROLLING04
2024-02-07,23:54:18,P169143400ASSNB240383767130,TS01S3,NG,"Ng,  Heat treatment dent",ROLLING04
2024-02-07,23:56:10,P169143400ASSNB240383766430,TS01S3,NG,"Ng,  Heat treatment dent,  Ng",ROLLING04
2024-02-07,23:57:10,P169143400ASSNB240383766060,TS01S3,NG,"Ng,  Heat treatment dent,  Ng,  Handling dent,  Flank_unclean",ROLLING04
2024-02-07,23:57:47,P169143400ASSNB240383766040,TS01S3,OK,"",ROLLING04
2024-02-07,23:58:41,P169143400ASSNB240383766100,TS01S3,OK,"",ROLLING04
